Время, сек;Rz_L, Н;Rz_R, Н;Rx, Н
0;0;0;
0,01;26114,3;14264;650
0,02;23865;22976;650
0,03;20587,3;24575;650
0,04;18983,4;24851;650
0,05;19599,2;22757,3;650
0,06;21131,6;20498,5;650
0,07;22364,4;19016,2;650
0,08;22461,7;18845;650
0,09;21596,6;19710;650
0,1;20494,8;20875,3;650
0,11;20036,7;21677,9;650
0,12;20552,4;21841,7;650
0,13;21604;21579,8;650
0,14;22532,7;21279,4;650
0,15;22751,7;21195,3;650
0,16;22249;21344,5;650
0,17;21451,8;21540,9;650
0,18;20931,5;21594,2;650
0,19;20989,6;21384,5;650
0,2;21457,4;21048,5;650
0,21;21930,5;20766,8;650
0,22;22028,6;20681,9;650
0,23;21746,5;20765,2;650
0,24;21370,1;20898,2;650
0,25;21206,4;20973,1;650
0,26;21388,4;20946,4;650
0,27;21714;20893,9;650
0,28;21922,5;20846,9;650
0,29;21867,6;20886,9;650
0,3;21660,6;20974,9;650
0,31;21514,2;21003,2;650
0,32;21556,1;20991,3;650
0,33;21740,3;20940,1;650
0,34;21859,3;20885,2;650
0,35;21855;20880,9;650
0,36;21753,2;20893,8;650
0,37;21655,1;20897,5;650
0,38;21684,8;20889,5;650
0,39;21775,5;20838;650
0,4;21841,2;20794,7;650
0,41;21851,5;20811;650
0,42;21804;20786,1;650
0,43;21763,7;20795,1;650
0,44;21780,5;20788,5;650
0,45;21834,5;20776,2;650
0,46;21871,2;20754,5;650
0,47;21864,6;20739;650
0,48;21842,5;20745,6;650
0,49;21835,8;20744,1;650
0,5;21850,3;20742,2;650
0,51;21879,6;20732,9;650
0,52;21897;20710,5;650
0,53;21892,2;20692,7;650
0,54;21871,1;20701,8;650
0,55;21880;20711,6;650
0,56;21900;20693,6;650
0,57;21923,3;20679,9;650
0,58;21909,2;20684,6;650
0,59;21894,9;20681,4;650
0,6;21904,7;20670,4;650
0,61;21933,5;20665,5;650
0,62;21921,2;20660,4;650
0,63;21916,5;20661;650
0,64;21919,3;20649,9;650
0,65;21921;20649,1;650
0,66;21929,4;20645;650
0,67;21929,9;20641,9;650
0,68;21929;20632;650
0,69;21929,7;20636,1;650
0,7;21933;20625,7;650
0,71;21935;20636,7;650
0,72;21917,7;20619,4;650
0,73;21923,4;20625;650
0,74;21919,9;20633,5;650
0,75;21926,2;20621,7;650
0,76;21942,4;20630,2;650
0,77;21921,8;20614,8;650
0,78;21915,1;20626,2;650
0,79;21911,5;20620,3;650
0,8;21921,8;20634,2;650
0,81;21921,1;20630,6;650
0,82;21917,4;20623,9;650
0,83;21917,4;20638,1;650
0,84;21907,6;20635,9;650
0,85;21907,9;20639,4;650
0,86;21895,8;20643,8;650
0,87;21901,3;20653,4;650
0,88;21897,3;20654,7;650
0,89;21902,9;20649;650
0,9;21890,7;20665,4;650
0,91;21864,1;20660,4;650
0,92;21883,8;20673,8;650
0,93;21889,1;20669,4;650
0,94;21867,6;20680,7;650
0,95;21880,6;20693,6;650
0,96;21863,3;20698,8;650
0,97;21850;20710,9;650
0,98;21862;20717,1;650
0,99;21845,2;20714,2;650
1;21851,8;20736,3;650
1,01;20717,6;18771,6;650
1,02;23908;22735,9;650
1,03;18203;22705,1;650
1,04;18270,9;22587,4;650
1,05;21977,7;21527,6;650
1,06;24813,9;20760;650
1,07;24354,9;20562,4;650
1,08;21922,4;21080,1;650
1,09;19911,8;21325,8;650
1,1;19890,2;21153,6;650
1,11;21249;20623,8;650
1,12;22561,5;20133,1;650
1,13;22798,9;20049,4;650
1,14;22086,1;20366,6;650
1,15;21137,7;20876,2;650
1,16;20618,3;21298,2;650
1,17;20861;21441,9;650
1,18;21302,4;21448,8;650
1,19;21881,6;21322;650
1,2;22015,6;21307;650
1,21;21957,4;21437,2;650
1,22;21715,9;21579,4;650
1,23;21420,8;21711,5;650
1,24;21259,2;21662,9;650
1,25;21226,7;21504,3;650
1,26;21280;21346;650
1,27;21302,8;21265,9;650
1,28;21274,1;21297,1;650
1,29;21205;21462,1;650
1,3;21145,8;21635,5;650
1,31;21115,9;21749,4;650
1,32;21144;21775,9;650
1,33;21184,8;21727,5;650
1,34;21214;21649,7;650
1,35;21199,1;21648,6;650
1,36;21143,4;21726,4;650
1,37;21090,1;21804,2;650
1,38;21048,4;21947,5;650
1,39;21020,5;21824,8;650
1,4;21007,9;21726,6;650
1,41;20968,9;21868,1;650
1,42;20928,9;21937,3;650
1,43;20898,5;21926,3;650
1,44;20895,4;21913;650
1,45;20856,7;21849,1;650
1,46;20839,2;21969,6;650
1,47;20805,3;22026,2;650
1,48;20792,5;21941,7;650
1,49;20766;21939,2;650
1,5;20737;22021,6;650
1,51;20717,1;21939,8;650
1,52;20700,2;21983,3;650
1,53;20668,9;22063;650
1,54;20644,6;22015,6;650
1,55;20623,5;22002,5;650
1,56;20608,3;22041,7;650
1,57;20581,9;22002,1;650
1,58;20561,1;22070,3;650
1,59;20546,6;22036,8;650
1,6;20546,4;22092,1;650
1,61;20516,3;21972,7;650
1,62;20505,1;22002,2;650
1,63;20482,9;22091;650
1,64;20435,2;22093,2;650
1,65;20446;22118,4;650
1,66;20425,6;21979,4;650
1,67;20417,2;22040,6;650
1,68;20396,3;22146,2;650
1,69;20376,7;22013,7;650
1,7;20367,3;22114,3;650
1,71;20350,9;22110,1;650
1,72;20350,7;22161,8;650
1,73;20353,4;21888,3;650
1,74;20303;22107,8;650
1,75;20277,9;22363,1;650
1,76;20299,6;22067,2;650
1,77;20326,4;21932,6;650
1,78;20253;22082,7;650
1,79;20238;22366,9;650
1,8;20267,9;22100,6;650
1,81;20263,2;21988,1;650
1,82;20242,3;22197,3;650
1,83;20201,2;22204,9;650
1,84;20224,5;22279,5;650
1,85;20236,2;22002,8;650
1,86;20192;22097,3;650
1,87;20199;22400;650
1,88;20205,8;22164,5;650
1,89;20201,4;22052,5;650
1,9;20203,9;22317,4;650
1,91;20178;22201,4;650
1,92;20202,6;22237,4;650
1,93;20214,9;22161,2;650
1,94;20163;22199,4;650
1,95;20179,2;22479,8;650
1,96;20194,9;22035,6;650
1,97;20208,1;22200,1;650
1,98;20153,7;22361,1;650
1,99;20197,5;22391,7;650
2;20222,5;21967,3;650
2,01;20205,4;22253,5;650
2,02;20156,5;22468,7;650
2,03;20218,2;22391,9;650
2,04;20239;21870,6;650
2,05;20200,5;22411,7;650
2,06;20188,1;22448,8;650
2,07;20244,2;22123,2;650
2,08;20243,3;22149,7;650
2,09;20216,6;22463,7;650
2,1;20251;22291,2;650
2,11;20272;22124,8;650
2,12;20278;22281;650
2,13;20258;22319,7;650
2,14;20270,5;22303,1;650
2,15;20279,6;22284,8;650
2,16;20310,2;22276,5;650
2,17;20325,9;22216,2;650
2,18;20327,8;22249,2;650
2,19;20341,4;22217,2;650
2,2;20347,3;22282;650
2,21;20350,8;22234,3;650
2,22;20369;22258;650
2,23;20389,5;22244,4;650
2,24;20405,1;22232,6;650
2,25;20424,7;22201,1;650
2,26;20438,6;22187,6;650
2,27;20458,3;22199,7;650
2,28;20474,1;22168,8;650
2,29;20482,9;22156,7;650
2,3;20501,4;22154;650
2,31;20513,8;22142,8;650
2,32;20524,6;22116,5;650
2,33;20545;22095,4;650
2,34;20556,8;22080,8;650
2,35;20579,8;22091,5;650
2,36;20601,1;22094,5;650
2,37;20611,2;22073,6;650
2,38;20641,7;22036,4;650
2,39;20651,4;21990,7;650
2,4;20673,9;21980,9;650
2,41;20701,5;21953,9;650
2,42;20717,4;21932,5;650
2,43;20736;21924,5;650
2,44;20756,9;21897;650
2,45;20775;21877,6;650
2,46;20797,1;21873,5;650
2,47;20823,4;21841;650
2,48;20849,5;21811,5;650
2,49;20876,1;21808,6;650
2,5;20886,9;21773;650
2,51;20914,1;21731,6;650
2,52;20941,1;21711,5;650
2,53;20968,8;21706,1;650
2,54;20997;21680;650
2,55;21025,2;21676,2;650
2,56;21047;21654,8;650
2,57;21087,5;21564,4;650
2,58;21123,5;21628,3;650
2,59;21135;21545,4;650
2,6;21180,3;21543,5;650
2,61;21220,5;21534,1;650
2,62;21238,3;21474,5;650
2,63;21274,3;21491;650
2,64;21330,6;21450,3;650
2,65;21337,8;21388,1;650
2,66;21400,4;21397,6;650
2,67;21413;21383;650
2,68;21454,2;21380,9;650
2,69;21487,1;21335,5;650
2,7;21535,1;21303,4;650
2,71;21593,5;21276,4;650
2,72;21630,5;21263,6;650
2,73;21653,1;21255,4;650
2,74;21709,2;21249,7;650
2,75;21734,2;21207,3;650
2,76;21787,7;21196,3;650
2,77;21823;21162,4;650
2,78;21846,5;21150,4;650
2,79;21873,8;21121,4;650
2,8;21881,7;21101,1;650
2,81;21939;21086,2;650
2,82;21954;21063,4;650
2,83;21960,2;21040,6;650
2,84;21966,7;21026,9;650
2,85;21968,9;21009;650
2,86;21953,8;20955,4;650
2,87;22018,6;20975,7;650
2,88;21956,5;20927;650
2,89;22012,5;20934,4;650
2,9;21850,1;20935,2;650
2,91;21937,6;20840,8;650
2,92;21961,9;20878,9;650
2,93;21946,7;20823,6;650
2,94;21679;20876,5;650
2,95;21880,4;20773,7;650
2,96;22188;20707,3;650
2,97;22073,3;20698,2;650
2,98;21833,9;20773,9;650
2,99;21625,2;20774,8;650
3;21619,9;20770,2;650
3,01;21896,2;20670,3;650
3,02;22013,9;20614,4;650
3,03;21985,7;20630,6;650
3,04;21666;20672,8;650
3,05;21599,8;20675,9;650
3,06;21832;20620;650
3,07;21808,2;20578,9;650
3,08;21874;20569,1;650
3,09;21835,6;20550,4;650
3,1;21726;20563;650
3,11;21719,8;20601,4;650
3,12;21823,4;20550,4;650
3,13;21840;20488,7;650
3,14;21918,8;20477,2;650
3,15;21708,1;20551,5;650
3,16;21730,2;20531,2;650
3,17;22066,5;20409,9;650
3,18;21958,3;20452,3;650
3,19;21725,9;20491,2;650
3,2;21763,2;20492,9;650
3,21;21954,6;20430,5;650
3,22;22088,5;20385,6;650
3,23;21938,9;20426,4;650
3,24;21808,6;20473;650
3,25;21957,3;20426,5;650
3,26;22102,5;20370,1;650
3,27;22113,3;20393,2;650
3,28;21918;20418,3;650
3,29;21966,6;20431,2;650
3,3;22128;20391,4;650
3,31;22202,1;20343,2;650
3,32;22066,7;20383,4;650
3,33;22019,4;20433,7;650
3,34;22124,4;20361,9;650
3,35;22240,5;20366;650
3,36;22169;20392,5;650
3,37;22056,8;20355,9;650
3,38;22146,1;20404,2;650
3,39;22245,1;20404,4;650
3,4;22222,1;20338,5;650
3,41;22102;20382,4;650
3,42;22116,6;20397,1;650
3,43;22214,8;20379,9;650
3,44;22234,9;20372,9;650
3,45;22172,6;20410,9;650
3,46;22085,7;20368;650
3,47;22129,8;20386,6;650
3,48;22237,9;20423,5;650
3,49;22204,8;20387,5;650
3,5;22104,9;20410,6;650
3,51;22078,1;20417,1;650
3,52;22147,8;20408,7;650
3,53;22192;20434,5;650
3,54;22146,9;20431;650
3,55;22094,2;20420,9;650
3,56;22107,9;20446,8;650
3,57;22124,8;20449,9;650
3,58;22133,6;20468,3;650
3,59;22107,7;20480,8;650
3,6;22091,3;20492,2;650
3,61;22085,8;20486,2;650
3,62;22104,9;20501;650
3,63;22111;20526,8;650
3,64;22091,1;20526,5;650
3,65;22075,3;20540,7;650
3,66;22076;20562,5;650
3,67;22077,2;20566,2;650
3,68;22065,4;20581;650
3,69;22047;20592,3;650
3,7;22074,8;20619,5;650
3,71;22042,7;20630,3;650
3,72;22040,3;20639,4;650
3,73;22024,6;20652,1;650
3,74;22002,4;20665,4;650
3,75;21999,8;20683,3;650
3,76;22002,2;20709,5;650
3,77;21968,8;20724,2;650
3,78;21977,7;20744,2;650
3,79;21929,8;20747,4;650
3,8;21923,6;20769,3;650
3,81;21905,3;20784,8;650
3,82;21877,6;20787,3;650
3,83;21861,1;20816,6;650
3,84;21855,4;20833,7;650
3,85;21847,2;20855,9;650
3,86;21829;20868,4;650
3,87;21804,4;20888,9;650
3,88;21781,4;20907,6;650
3,89;21759,1;20917;650
3,9;21740,2;20945,7;650
3,91;21707,7;20951,6;650
3,92;21686,6;20974,2;650
3,93;21658,2;20983,8;650
3,94;21651,4;21017,2;650
3,95;21617,4;21026,6;650
3,96;21602,8;21057;650
3,97;21588,1;21075,2;650
3,98;21570,1;21105,2;650
3,99;21538,7;21119,1;650
4;21524,6;21139;650
4,01;21492,2;21155,6;650
4,02;21471,1;21179,6;650
4,03;21461,3;21201,2;650
4,04;21432,2;21224,7;650
4,05;21415,4;21255,7;650
4,06;21399,6;21280;650
4,07;21365,9;21290,7;650
4,08;21360,3;21344,8;650
4,09;21330,1;21346;650
4,1;21312,8;21380,6;650
4,11;21294,7;21413,1;650
4,12;21277,9;21432,1;650
4,13;21254,4;21475,4;650
4,14;21227,7;21489,7;650
4,15;21216,2;21524,4;650
4,16;21200,3;21578,8;650
4,17;21185,4;21589,9;650
4,18;21162,7;21619,2;650
4,19;21135,8;21652;650
4,2;21098,3;21698,9;650
4,21;21092,4;21702,5;650
4,22;21086,4;21720,8;650
4,23;21068,3;21792,9;650
4,24;21051,5;21838,7;650
4,25;21035,7;21845,6;650
4,26;21019,2;21821,3;650
4,27;21003,8;21898,6;650
4,28;20982,9;21933,1;650
4,29;20958,6;21960,3;650
4,3;20943;21990,4;650
4,31;20935,9;22010,5;650
4,32;20941,5;22001,6;650
4,33;20893,1;22006,1;650
4,34;20880,2;21982,9;650
4,35;20870,6;22099,8;650
4,36;20851,9;22085;650
4,37;20851,2;21996,4;650
4,38;20823,4;22064,1;650
4,39;20813,8;22068,3;650
4,4;20796;21956,6;650
4,41;20804,6;22032,6;650
4,42;20760,9;22063,3;650
4,43;20754,3;22035,8;650
4,44;20756,9;21910,2;650
4,45;20742,1;21774,5;650
4,46;20713,3;22019,7;650
4,47;20687,6;21957,4;650
4,48;20686,9;21764,4;650
4,49;20716;21708,8;650
4,5;20698,4;21759,8;650
4,51;20608,2;21891,4;650
4,52;20581,1;21995,8;650
4,53;20644,3;21779,7;650
4,54;20729,6;21461;650
4,55;20758,3;21162,8;650
4,56;20509,3;21979,8;650
4,57;20463,7;22355,7;650
4,58;20621,8;21665,9;650
4,59;20729,5;21104,6;650
4,6;20663;21356,6;650
4,61;20518;21995,5;650
4,62;20466,5;21997,1;650
4,63;20534,4;21640,6;650
4,64;20651,6;21389,8;650
4,65;20647,8;21468,8;650
4,66;20547,1;21613,5;650
4,67;20468;22015,1;650
4,68;20505,7;21901,5;650
4,69;20610,9;21380,2;650
4,7;20645,7;21399,4;650
4,71;20520,9;21874,7;650
4,72;20393,3;22201,3;650
4,73;20543,3;21786,6;650
4,74;20660,2;21412,5;650
4,75;20593,2;21437,5;650
4,76;20472,5;22153,4;650
4,77;20428,3;22423,9;650
4,78;20576,2;21683,7;650
4,79;20666,4;21369,9;650
4,8;20562,7;21899,8;650
4,81;20453,3;22369,5;650
4,82;20475;22276,8;650
4,83;20603;21828,9;650
4,84;20644,8;21639,7;650
4,85;20544,3;22040,2;650
4,86;20470,7;22590,1;650
4,87;20533,6;22316,6;650
4,88;20648,8;21785,6;650
4,89;20644,7;21845;650
4,9;20547,1;22299,6;650
4,91;20511,9;22582,5;650
4,92;20586,7;22239,2;650
4,93;20661,5;21860;650
4,94;20641,8;21983,9;650
4,95;20568,6;22384,2;650
4,96;20546,5;22527,5;650
4,97;20625,9;22183,4;650
4,98;20690,1;21884,5;650
4,99;20655,7;22003,3;650
5;20606,5;22332,5;650
5,01;20600,5;22378,3;650
5,02;20650,7;22060,9;650
5,03;20695,1;21896,2;650
5,04;20675,4;21966,1;650
5,05;20663,1;22183,9;650
5,06;20648,9;22157,5;650
5,07;20692,4;21993,1;650
5,08;20697,4;21810,3;650
5,09;20696,3;21983,3;650
5,1;20696,7;22032;650
5,11;20716,7;21911,2;650
5,12;20726;21797,8;650
5,13;20742;21861,1;650
5,14;20744,7;21894,1;650
5,15;20758,2;21833;650
5,16;20765,5;21802,1;650
5,17;20774,5;21785,8;650
5,18;20795,9;21775,5;650
5,19;20808,1;21759,1;650
5,2;20818,1;21719,3;650
5,21;20832,6;21715,6;650
5,22;20853,7;21705,4;650
5,23;20874,7;21700;650
5,24;20883,3;21671,1;650
5,25;20889,7;21635,5;650
5,26;20912,6;21645;650
5,27;20936,9;21644,8;650
5,28;20949,7;21620,2;650
5,29;20962,9;21603,9;650
5,3;20982;21605,9;650
5,31;21014,1;21592,5;650
5,32;21027,5;21552,7;650
5,33;21042,2;21586,7;650
5,34;21079,1;21540,3;650
5,35;21074,1;21539,5;650
5,36;21114,3;21495,7;650
5,37;21131,7;21507,1;650
5,38;21138,7;21514,5;650
5,39;21181,5;21473;650
5,4;21200,6;21459,1;650
5,41;21203,4;21455;650
5,42;21219,6;21438,7;650
5,43;21272,2;21411,6;650
5,44;21300,5;21417,1;650
5,45;21284,6;21402;650
5,46;21307,7;21378,9;650
5,47;21365,7;21366;650
5,48;21396,8;21355,8;650
5,49;21395,7;21358,7;650
5,5;21364,3;21265,2;650
5,51;21478,2;21378,2;650
5,52;21432;21250;650
5,53;21500,3;21309,9;650
5,54;21500,8;21265;650
5,55;21511,5;21213,4;650
5,56;21545,2;21246;650
5,57;21560,2;21219,7;650
5,58;21595,5;21206,9;650
5,59;21604,5;21178,8;650
5,6;21624,2;21169,8;650
5,61;21645,4;21150,5;650
5,62;21671;21132,8;650
5,63;21693,2;21127,1;650
5,64;21706,9;21108,4;650
5,65;21714,5;21077,7;650
5,66;21735,5;21066,8;650
5,67;21750,8;21045,5;650
5,68;21776,4;21036,9;650
5,69;21805,5;21007,6;650
5,7;21821,8;20994,7;650
5,71;21840,6;20974,6;650
5,72;21849,3;20954;650
5,73;21860,1;20932,4;650
5,74;21883,4;20911,4;650
5,75;21884,8;20894,7;650
5,76;21926,9;20885,2;650
5,77;21912,1;20865,7;650
5,78;21945,1;20850,4;650
5,79;21955,6;20842,9;650
5,8;21954,5;20825,6;650
5,81;21951,4;20803,8;650
5,82;21962,9;20794,8;650
5,83;21970,5;20772,2;650
5,84;21988,3;20768,8;650
5,85;21983;20768,3;650
5,86;21964,5;20737,9;650
5,87;21973,9;20728,5;650
5,88;21938,2;20729,6;650
5,89;21927;20711,8;650
5,9;21951,9;20688,4;650
5,91;21944,4;20710,7;650
5,92;21913,5;20687,5;650
5,93;21914,1;20677;650
5,94;21811,7;20702,1;650
5,95;21745,7;20653,4;650
5,96;22033,9;20606;650
5,97;21983,2;20618,3;650
5,98;21625,5;20648,3;650
5,99;21715,1;20682;650
6;21825,7;20646,9;650
6,01;21696,4;20628,5;650
6,02;21911,9;20533,2;650
6,03;21884,3;20610,9;650
6,04;21512,8;20641,5;650
6,05;21586,8;20647,7;650
6,06;21811,2;20602,7;650
6,07;21801,1;20553,7;650
6,08;21655,6;20608,2;650
6,09;21689,5;20636,5;650
6,1;21650,6;20629,3;650
6,11;21696;20605,7;650
6,12;21545,7;20631,3;650
6,13;21836,9;20576;650
6,14;21643,9;20574,2;650
6,15;21881,1;20566,3;650
6,16;21550;20614,7;650
6,17;21470,7;20662,8;650
6,18;21742,8;20612,3;650
6,19;21928,4;20548,5;650
6,2;21778;20578;650
6,21;21630,6;20635,2;650
6,22;21642,6;20660,9;650
6,23;21767,7;20626,9;650
6,24;21872,2;20576,9;650
6,25;21890,4;20604,4;650
6,26;21749,2;20665,2;650
6,27;21720,5;20693,5;650
6,28;21862,3;20638,2;650
6,29;21962,5;20612;650
6,3;21944,1;20630,4;650
6,31;21862,4;20682,7;650
6,32;21823,7;20710,6;650
6,33;21933,8;20661,3;650
6,34;22028,8;20653;650
6,35;22023;20674,4;650
6,36;21935,2;20727;650
6,37;21927,5;20760;650
6,38;21999,7;20718,8;650
6,39;22067,3;20734,3;650
6,4;22062,3;20756,2;650
6,41;21999,3;20740;650
6,42;21972,4;20748,6;650
6,43;21964,1;20761,1;650
6,44;22020,8;20782,4;650
6,45;22038,6;20780,1;650
6,46;22028,2;20801;650
6,47;21998,5;20798,5;650
6,48;21966,3;20805,4;650
6,49;21953,5;20816,4;650
6,5;21943,3;20826,3;650
6,51;21950;20851,7;650
6,52;21943,5;20862,3;650
6,53;21925,5;20870,2;650
6,54;21906,6;20883,1;650
6,55;21882,8;20886,1;650
6,56;21860,5;20897,9;650
6,57;21844,5;20901,4;650
6,58;21827,7;20926,2;650
6,59;21806,2;20921,9;650
6,6;21793,9;20944,6;650
6,61;21776;20953,2;650
6,62;21754;20959;650
6,63;21734,5;20979,9;650
6,64;21714,4;20991,5;650
6,65;21704,2;21001,3;650
6,66;21667,6;21012,2;650
6,67;21642,2;21022,6;650
6,68;21626,4;21019,6;650
6,69;21594,8;21041,1;650
6,7;21589,9;21051,1;650
6,71;21567,9;21066,1;650
6,72;21553,7;21082,2;650
6,73;21539,4;21100,9;650
6,74;21511,3;21111,7;650
6,75;21486,6;21129,3;650
6,76;21463,7;21129,9;650
6,77;21442,5;21147,7;650
6,78;21424,2;21160,3;650
6,79;21401,1;21176,2;650
6,8;21390,3;21190,7;650
6,81;21362,4;21229,7;650
6,82;21355,1;21232;650
6,83;21319,7;21216,9;650
6,84;21322,3;21269,2;650
6,85;21300,6;21307,7;650
6,86;21267,5;21296,8;650
6,87;21289;21355,4;650
6,88;21213,5;21293,4;650
6,89;21250,9;21369,5;650
6,9;21201,6;21381,2;650
6,91;21203,3;21420,3;650
6,92;21179,4;21417,9;650
6,93;21154,3;21439,2;650
6,94;21158,8;21439,4;650
6,95;21109,1;21466,8;650
6,96;21151,8;21522,3;650
6,97;21082,5;21552,1;650
6,98;21124,5;21545,7;650
6,99;21072,6;21561;650
7;21072,1;21597,9;650
7,01;21067,6;21638,9;650
7,02;21041;21645,2;650
7,03;21039,2;21659,5;650
7,04;21026,4;21687,2;650
7,05;21009,8;21714;650
7,06;21005,9;21741,4;650
7,07;20995,3;21754,1;650
7,08;20981;21773,8;650
7,09;20972,6;21802,3;650
7,1;20964,4;21827,4;650
7,11;20948;21858;650
7,12;20945,3;21848;650
7,13;20933;21880,9;650
7,14;20914,1;21894,8;650
7,15;20907,2;21908,4;650
7,16;20895,2;21912,6;650
7,17;20883,6;21936,9;650
7,18;20874,1;21959,1;650
7,19;20861,7;21971,3;650
7,2;20846;21969,9;650
7,21;20839,5;21982,2;650
7,22;20834,2;21998,6;650
7,23;20814,4;22051;650
7,24;20798,3;21897,4;650
7,25;20798,7;22012,7;650
7,26;20796,4;22025,6;650
7,27;20788,9;21892,2;650
7,28;20772,8;21950;650
7,29;20742,6;22085,3;650
7,3;20709,7;22120;650
7,31;20734,3;22003,4;650
7,32;20743,9;21776,9;650
7,33;20740,4;21971,5;650
7,34;20704,2;21933,2;650
7,35;20685,2;22137,7;650
7,36;20707,4;21776;650
7,37;20701,6;21769,9;650
7,38;20668,4;21998,2;650
7,39;20650,3;22034,4;650
7,4;20626,9;21894,9;650
7,41;20651,7;21780,3;650
7,42;20690,3;21579,8;650
7,43;20631,6;21843,7;650
7,44;20599;22213,5;650
7,45;20627,1;21673,1;650
7,46;20699,7;21603,8;650
7,47;20680;21725,8;650
7,48;20603,1;21735,1;650
7,49;20585,3;22074,1;650
7,5;20638,5;21706,6;650
7,51;20702,6;21463,7;650
7,52;20669,1;21499,2;650
7,53;20575;22017,9;650
7,54;20531,6;22103,4;650
7,55;20618,9;21630,3;650
7,56;20731,3;21407,6;650
7,57;20669,8;21491,7;650
7,58;20526,3;22035,8;650
7,59;20556,9;22044,4;650
7,6;20645,4;21542,3;650
7,61;20732;21475,4;650
7,62;20645,1;21607,5;650
7,63;20541,6;21976,1;650
7,64;20564,8;22099;650
7,65;20687,1;21565,1;650
7,66;20740,6;21453,1;650
7,67;20651,1;21673,3;650
7,68;20559,3;22114;650
7,69;20590,2;22022;650
7,7;20731,3;21581,8;650
7,71;20745,4;21524,9;650
7,72;20649,6;21794,3;650
7,73;20591,8;22142,2;650
7,74;20645,5;22026;650
7,75;20759,7;21645,6;650
7,76;20769,6;21574,9;650
7,77;20690,2;21860,9;650
7,78;20631,9;22135,9;650
7,79;20687,3;22046,5;650
7,8;20790,1;21710,9;650
7,81;20825,8;21601,2;650
7,82;20748,3;21856,8;650
7,83;20692,6;22137;650
7,84;20733,5;22049,6;650
7,85;20826;21759,1;650
7,86;20864,4;21649;650
7,87;20814,9;21811;650
7,88;20781,8;22041,4;650
7,89;20790,5;22025,8;650
7,9;20856,9;21844,2;650
7,91;20898,8;21662,4;650
7,92;20896,5;21746,3;650
7,93;20867,6;21923,4;650
7,94;20868,9;21963,4;650
7,95;20909,3;21858,5;650
7,96;20943,7;21670,7;650
7,97;20952,8;21695,1;650
7,98;20948,3;21844,7;650
7,99;20955,2;21877,7;650
8;20981;21781,5;650
8,01;21012,9;21647;650
8,02;21024,2;21646,9;650
8,03;21023,7;21778;650
8,04;21036,8;21790,7;650
8,05;21066;21656;650
8,06;21078,6;21569,7;650
8,07;21096,8;21711,2;650
8,08;21099,2;21694;650
8,09;21127,3;21567;650
8,1;21138,4;21562,2;650
8,11;21152;21655,5;650
8,12;21166,5;21596,3;650
8,13;21188,4;21491,1;650
8,14;21198,2;21512,8;650
8,15;21221,3;21546,2;650
8,16;21238,6;21524,8;650
8,17;21246;21472,2;650
8,18;21264;21456,3;650
8,19;21276,1;21410,8;650
8,2;21296,9;21412,1;650
8,21;21292,2;21426,5;650
8,22;21284,7;21408,6;650
8,23;21299,1;21362,5;650
8,24;21343,7;21281,3;650
8,25;21367,5;21340,8;650
8,26;21354,8;21329,8;650
8,27;21393,1;21271,2;650
8,28;21401;21273,9;650
8,29;21402,5;21260,9;650
8,3;21405,1;21170,4;650
8,31;21433,4;21238,2;650
8,32;21439,8;21196;650
8,33;21460,4;21164;650
8,34;21480,4;21143,8;650
8,35;21477,5;21136,8;650
8,36;21492,5;21120,6;650
8,37;21505,6;21097,8;650
8,38;21529,5;21068;650
8,39;21546,3;21067,5;650
8,4;21566,2;21044;650
8,41;21588,3;21036,6;650
8,42;21590,9;21005,9;650
8,43;21608,5;20999,1;650
8,44;21617,6;20983,5;650
8,45;21630,6;20965,7;650
8,46;21649,4;20960,7;650
8,47;21675,9;20943,8;650
8,48;21695;20927,8;650
8,49;21712,8;20920,7;650
8,5;21725,8;20899,8;650
8,51;21756;20894;650
8,52;21773,7;20878,3;650
8,53;21784,7;20867,5;650
8,54;21800,6;20861;650
8,55;21825,7;20840,8;650
8,56;21826,4;20831,5;650
8,57;21847,1;20817,2;650
8,58;21869,5;20805;650
8,59;21876,9;20792,7;650
8,6;21913,1;20793;650
8,61;21914,7;20775,6;650
8,62;21955,2;20774,5;650
8,63;21955;20764,3;650
8,64;21977,9;20756;650
8,65;21993,9;20740,1;650
8,66;21973,7;20727,6;650
8,67;22008,7;20722,8;650
8,68;22035,5;20711,7;650
8,69;22039,6;20707;650
8,7;22048,7;20703,2;650
8,71;22035;20695,5;650
8,72;22033,6;20678,6;650
8,73;22043,1;20674,2;650
8,74;22061,7;20672,8;650
8,75;22078,5;20667,5;650
8,76;22057,6;20665,4;650
8,77;22033,7;20655;650
8,78;22006,9;20644,7;650
8,79;22016,1;20644,1;650
8,8;22024,9;20647,3;650
8,81;22009,8;20637,6;650
8,82;21996,9;20617,1;650
8,83;22013,9;20637,4;650
8,84;21979,8;20641,6;650
8,85;21959,1;20637,2;650
8,86;21944,5;20613,2;650
8,87;21903,3;20614;650
8,88;21932,3;20606,3;650
8,89;21868;20623,4;650
8,9;21904;20560,6;650
8,91;21843,5;20573,9;650
8,92;21822,8;20630;650
8,93;21855,1;20626,3;650
8,94;21844,4;20598,6;650
8,95;21823,4;20598,7;650
8,96;21846,5;20592,1;650
8,97;21813,3;20610;650
8,98;21576,7;20637,9;650
8,99;21897,6;20582,9;650
9;21845,4;20562,4;650
9,01;21815;20608,2;650
9,02;21671,6;20658,8;650
9,03;21874,6;20620,8;650
9,04;21781,2;20598,7;650
9,05;21677,1;20639,1;650
9,06;21724,2;20653,2;650
9,07;21796,4;20664,5;650
9,08;21821,7;20630;650
9,09;21795,8;20646,6;650
9,1;21765,4;20637,8;650
9,11;21735,6;20695,1;650
9,12;21782,2;20693,9;650
9,13;21845,6;20639,8;650
9,14;21846,5;20658,7;650
9,15;21817,8;20676,6;650
9,16;21772,4;20695,9;650
9,17;21775,1;20709,9;650
9,18;21836,1;20686,1;650
9,19;21894;20718,3;650
9,2;21892,5;20719,8;650
9,21;21831,4;20737,3;650
9,22;21802,9;20757,1;650
9,23;21844,9;20746,2;650
9,24;21871,5;20760,4;650
9,25;21902,1;20788,9;650
9,26;21893,9;20787,3;650
9,27;21867,3;20797,7;650
9,28;21844;20806,9;650
9,29;21830;20811;650
9,3;21837,2;20823,7;650
9,31;21842,1;20839,3;650
9,32;21844,2;20851,4;650
9,33;21843,8;20870,8;650
9,34;21840,2;20878,7;650
9,35;21825,1;20877,8;650
9,36;21794,5;20897,8;650
9,37;21777,8;20910;650
9,38;21771,4;20921;650
9,39;21755;20932;650
9,4;21734;20943,4;650
9,41;21736,7;20962,9;650
9,42;21717,1;20974,5;650
9,43;21709,8;20985,7;650
9,44;21702,7;21014,8;650
9,45;21682,3;21027,1;650
9,46;21662,5;21043;650
9,47;21647,8;21041,3;650
9,48;21624,2;21053,4;650
9,49;21606;21073,1;650
9,5;21597,6;21096,4;650
9,51;21577,9;21117,5;650
9,52;21569,3;21119,9;650
9,53;21560,3;21155,8;650
9,54;21544;21171,3;650
9,55;21514;21164,9;650
9,56;21493,6;21187,7;650
9,57;21491,5;21205,5;650
9,58;21465,6;21224,4;650
9,59;21442,1;21245,7;650
9,6;21433,1;21260,5;650
9,61;21430;21289,7;650
9,62;21400,9;21282,4;650
9,63;21389,3;21319,7;650
9,64;21380,7;21345,6;650
9,65;21340,3;21343,6;650
9,66;21340,4;21373,3;650
9,67;21329,7;21357,2;650
9,68;21306,3;21447,3;650
9,69;21286,1;21400,2;650
9,7;21260,7;21449,5;650
9,71;21240,8;21433,8;650
9,72;21229,7;21456,6;650
9,73;21217,2;21503,7;650
9,74;21207,2;21466,6;650
9,75;21183,8;21535;650
9,76;21163,3;21558,6;650
9,77;21142;21569;650
9,78;21131,2;21519,1;650
9,79;21119,8;21585,9;650
9,8;21102,8;21636,9;650
9,81;21061,5;21572,3;650
9,82;21075,8;21635,2;650
9,83;21051;21696,5;650
9,84;21011,8;21642,3;650
9,85;21018,9;21647,1;650
9,86;21009,3;21658,3;650
9,87;20962;21670,5;650
9,88;20963,9;21705,6;650
9,89;20957,6;21732,7;650
9,9;20926,3;21737,2;650
9,91;20928,7;21760,9;650
9,92;20905,5;21765,1;650
9,93;20869,3;21781;650
9,94;20883,9;21796,7;650
9,95;20859;21758,4;650
9,96;20846,4;21802,3;650
9,97;20833,1;21799,8;650
9,98;20817,6;21833,3;650
9,99;20803,8;21883,7;650
10;20790,2;21812,2;650
10,01;20787,6;21876,3;650
10,02;20761,9;21849,6;650
10,03;20751,4;21889,9;650
10,04;20739,2;21891,7;650
10,05;20730,7;21918,5;650
10,06;20718,1;21901,9;650
10,07;20706,8;21906,4;650
10,08;20698,8;21903,7;650
10,09;20681,8;21905;650
10,1;20673,5;21938,8;650
10,11;20666,5;21964,2;650
10,12;20657,8;21937,5;650
10,13;20652,2;21981,8;650
10,14;20638,6;21984,8;650
10,15;20625,5;21968,7;650
10,16;20629,7;21974,2;650
10,17;20625,8;21961,3;650
10,18;20609,5;21985,2;650
10,19;20600,4;22040,6;650
10,2;20604,9;21971,9;650
10,21;20593,6;21949,5;650
10,22;20584,8;22008;650
10,23;20580,5;22005,4;650
10,24;20572,3;21991,5;650
10,25;20573;22049,4;650
10,26;20574,3;21943;650
10,27;20578,1;22021,1;650
10,28;20568,5;22024,4;650
10,29;20575,1;22013,7;650
10,3;20571,2;21939,6;650
10,31;20561,7;22001,1;650
10,32;20560,1;21964,4;650
10,33;20565,6;21950,6;650
10,34;20571,8;21930,9;650
10,35;20572,7;22026,6;650
10,36;20561,5;21966,2;650
10,37;20552,7;21984,8;650
10,38;20548,8;21922,1;650
10,39;20578,5;21938,9;650
10,4;20575;21918,1;650
10,41;20555,4;21960,2;650
10,42;20565,7;21909,2;650
10,43;20572,4;21912,1;650
10,44;20576,6;21921,9;650
10,45;20579,1;21911,1;650
10,46;20587,6;21890,2;650
10,47;20587,3;21908,2;650
10,48;20590,3;21926,7;650
10,49;20604,1;21892;650
10,5;20611,4;21847,8;650
10,51;20614,5;21802,1;650
10,52;20620;21893;650
10,53;20618;21954,7;650
10,54;20627,2;21783,5;650
10,55;20633,6;21862,9;650
10,56;20642;21898,8;650
10,57;20654,2;21884,1;650
10,58;20662,9;21828,1;650
10,59;20674,4;21823,1;650
10,6;20682,5;21832,1;650
10,61;20682,9;21851,4;650
10,62;20690,9;21851,4;650
10,63;20703,8;21815,6;650
10,64;20710,6;21843,5;650
10,65;20721,4;21869,1;650
10,66;20730,9;21834,8;650
10,67;20742,1;21825,4;650
10,68;20754,8;21846,9;650
10,69;20763,6;21823,7;650
10,7;20774,8;21849,9;650
10,71;20774;21833,6;650
10,72;20795,2;21820,2;650
10,73;20812,1;21821,5;650
10,74;20819,7;21809,1;650
10,75;20837,7;21826,7;650
10,76;20846,2;21829,5;650
10,77;20859;21747,3;650
10,78;20872,7;21846,5;650
10,79;20884,6;21728,5;650
10,8;20899,7;21795,5;650
10,81;20909,5;21802,7;650
10,82;20930;21745,1;650
10,83;20945,5;21718,2;650
10,84;20956,1;21758,2;650
10,85;20972,5;21731,8;650
10,86;20989,1;21681,5;650
10,87;20997,4;21709,5;650
10,88;21017,8;21706,5;650
10,89;21019,7;21678,1;650
10,9;21053,7;21656,5;650
10,91;21068,3;21634,5;650
10,92;21073,2;21632,4;650
10,93;21098,5;21619,2;650
10,94;21105,7;21571;650
10,95;21132,4;21591,5;650
10,96;21138,8;21581,7;650
10,97;21160;21563,9;650
10,98;21184,6;21504,7;650
10,99;21185,2;21500;650
11;21209,1;21514,8;650
11,01;21235,3;21454,1;650
11,02;21225,6;21504,4;650
11,03;21274,7;21424,5;650
11,04;21298,2;21419,4;650
11,05;21243,8;21410,5;650
11,06;21334,9;21417;650
11,07;21379,4;21382,7;650
11,08;21280,8;21315,8;650
11,09;21389,5;21351,9;650
11,1;21419,5;21365,2;650
11,11;21366,5;21259,4;650
11,12;21412;21303,6;650
11,13;21443,8;21244;650
11,14;21433,3;21284;650
11,15;21468;21204,5;650
11,16;21494;21185,7;650
11,17;21484;21266,3;650
11,18;21502,3;21168;650
11,19;21559,6;21142,1;650
11,2;21526,6;21118,6;650
11,21;21561,4;21145,3;650
11,22;21580,1;21116,8;650
11,23;21591,3;21097,1;650
11,24;21617,8;21079,9;650
11,25;21612,6;21049,3;650
11,26;21646,6;21054,3;650
11,27;21641,1;21020,7;650
11,28;21679,4;21027,3;650
11,29;21666,2;20999,3;650
11,3;21702,3;20985,8;650
11,31;21696,4;20962;650
11,32;21725,6;20961,8;650
11,33;21738,4;20934,1;650
11,34;21741,8;20932,4;650
11,35;21779,5;20913,4;650
11,36;21752;20891,8;650
11,37;21804,1;20883;650
11,38;21784;20857,8;650
11,39;21824,6;20863;650
11,4;21814,1;20833,4;650
11,41;21840;20831,1;650
11,42;21835,8;20812,6;650
11,43;21846,7;20803,9;650
11,44;21855,9;20788,8;650
11,45;21870,2;20785,7;650
11,46;21871,4;20763;650
11,47;21898,9;20760,1;650
11,48;21890,4;20740,9;650
11,49;21910,8;20733,6;650
11,5;21900,5;20716,2;650
11,51;21910,2;20712,7;650
11,52;21913,6;20702,9;650
11,53;21926,5;20695,1;650
11,54;21919,9;20675,5;650
11,55;21939,9;20668,4;650
11,56;21946,6;20662,4;650
11,57;21939,8;20654,4;650
11,58;21950,6;20650,3;650
11,59;21952,4;20628,3;650
11,6;21953,3;20624,6;650
11,61;21938,6;20612,3;650
11,62;21950;20607,5;650
11,63;21965,6;20605,6;650
11,64;21974,8;20603,8;650
11,65;21972,8;20596,6;650
11,66;21937,8;20587;650
11,67;21945,1;20575,4;650
11,68;21964,2;20574;650
11,69;21989,5;20574,8;650
11,7;21968,4;20568,7;650
11,71;21935,8;20558,8;650
11,72;21952,9;20551,4;650
11,73;21970,9;20560,9;650
11,74;21989,2;20559,7;650
11,75;21951,8;20544;650
11,76;21937,5;20541,9;650
11,77;21962,7;20539,4;650
11,78;21975,6;20547,7;650
11,79;21976,8;20547,5;650
11,8;21935;20536,8;650
11,81;21946,7;20554,4;650
11,82;21971,6;20552,4;650
11,83;21976,5;20549,3;650
11,84;21946,1;20549,9;650
11,85;21944,9;20550,5;650
11,86;21956,4;20554,8;650
11,87;21959,3;20555,4;650
11,88;21953,6;20556,5;650
11,89;21952,6;20554,7;650
11,9;21943,4;20559,1;650
11,91;21933,2;20557,7;650
11,92;21945,3;20568,7;650
11,93;21962,6;20585,3;650
11,94;21953,1;20591,8;650
11,95;21931,1;20588,3;650
11,96;21916,6;20588,3;650
11,97;21936,2;20602,6;650
11,98;21945,1;20604,3;650
11,99;21941,1;20617;650
12;21924,6;20620,7;650
12,01;21907,8;20623,1;650
12,02;21914;20635,6;650
12,03;21914,9;20642,4;650
12,04;21919,1;20663,9;650
12,05;21911,9;20664,6;650
12,06;21890,7;20669,3;650
12,07;21899,3;20684,2;650
12,08;21895,8;20690,7;650
12,09;21884,6;20695,8;650
12,1;21881,6;20711,1;650
12,11;21870,9;20716,9;650
12,12;21865,1;20737,2;650
12,13;21865,2;20751,5;650
12,14;21872,2;20761,8;650
12,15;21855,7;20772,2;650
12,16;21841,2;20782,9;650
12,17;21823,8;20799,5;650
12,18;21815,1;20802,7;650
12,19;21827,2;20822,3;650
12,2;21796;20831,8;650
12,21;21797,4;20847;650
12,22;21802,3;20862,9;650
12,23;21781,8;20875;650
12,24;21774,8;20904,4;650
12,25;21760,4;20900,3;650
12,26;21745,6;20925,3;650
12,27;21737,3;20931,7;650
12,28;21718,2;20943,2;650
12,29;21713,2;20966,6;650
12,3;21688,1;20977,3;650
12,31;21681,9;20991,3;650
12,32;21662,4;21004,5;650
12,33;21667,5;21017;650
12,34;21650,1;21048,3;650
12,35;21645,1;21062,3;650
12,36;21630,7;21072,3;650
12,37;21601,8;21074,8;650
12,38;21574,7;21085,1;650
12,39;21565,6;21135,5;650
12,4;21559,9;21127,6;650
12,41;21544,8;21150,9;650
12,42;21533,4;21177;650
12,43;21520;21192,7;650
12,44;21490,8;21189,4;650
12,45;21488,9;21221,3;650
12,46;21461,4;21245,4;650
12,47;21440,7;21251,4;650
12,48;21445,2;21281,5;650
12,49;21419,5;21288,1;650
12,5;21386,4;21281;650
12,51;21399,3;21353,7;650
12,52;21364,6;21322,5;650
12,53;21338;21393,8;650
12,54;21322,9;21306,6;650
12,55;21313,1;21400,9;650
12,56;21299,5;21420;650
12,57;21277,9;21427,6;650
12,58;21263,3;21438,8;650
12,59;21243,8;21449,3;650
12,6;21245;21487,9;650
12,61;21195,8;21508,4;650
12,62;21216,3;21496,8;650
12,63;21169,9;21519,5;650
12,64;21167,8;21552;650
12,65;21146,4;21555,8;650
12,66;21117,9;21545,2;650
12,67;21126,3;21630,7;650
12,68;21103,6;21593,7;650
12,69;21070,8;21592,2;650
12,7;21072,5;21638,5;650
12,71;21058,7;21660,5;650
12,72;21025,3;21658,1;650
12,73;21019,8;21680,9;650
12,74;21007,7;21696,1;650
12,75;20985,9;21692,5;650
12,76;20969,6;21709,7;650
12,77;20958,5;21745,7;650
12,78;20944,4;21733,1;650
12,79;20931,1;21747,1;650
12,8;20913,4;21742,6;650
12,81;20902,3;21775;650
12,82;20887,1;21818,6;650
12,83;20870,7;21764;650
12,84;20862,7;21793,5;650
12,85;20850,1;21853,4;650
12,86;20835,8;21785,5;650
12,87;20825;21843,9;650
12,88;20807,1;21811,5;650
12,89;20801,9;21873;650
12,9;20795,2;21821,1;650
12,91;20761,2;21799,2;650
12,92;20767,6;21905,5;650
12,93;20750;21918,6;650
12,94;20747,2;21890,7;650
12,95;20752,6;21763,7;650
12,96;20720;21941,1;650
12,97;20696,9;21944,2;650
12,98;20695,4;21914,2;650
12,99;20703,2;21858,6;650
13;20693,5;21817,6;650
13,01;20667,7;21865,3;650
13,02;20659,4;21960,8;650
13,03;20660,1;21918,1;650
13,04;20649;21780,5;650
13,05;20634,9;21889,8;650
13,06;20631,2;21983,4;650
13,07;20636,5;21916,9;650
13,08;20619,4;21732,4;650
13,09;20610;21979,2;650
13,1;20590,5;22087;650
13,11;20622,9;21926,3;650
13,12;20640,3;21705,4;650
13,13;20588,7;21833;650
13,14;20539,3;22124,1;650
13,15;20553;22124,3;650
13,16;20629,5;21771,3;650
13,17;20644;21631,7;650
13,18;20560,6;21955,1;650
13,19;20504;22283,5;650
13,2;20552,2;22074,2;650
13,21;20629,8;21709,9;650
13,22;20620,2;21622;650
13,23;20535,4;22047,3;650
13,24;20511,7;22339,6;650
13,25;20554,9;22041,4;650
13,26;20624,7;21641;650
13,27;20608,9;21687,3;650
13,28;20519,7;22156,5;650
13,29;20503,4;22327;650
13,3;20589,1;21940,4;650
13,31;20648,5;21589,2;650
13,32;20604,3;21774,3;650
13,33;20521,1;22237,5;650
13,34;20516;22310,3;650
13,35;20615,6;21900,8;650
13,36;20661,3;21568,3;650
13,37;20611,2;21789,3;650
13,38;20538,4;22273,3;650
13,39;20546,1;22260,6;650
13,4;20632,3;21838,2;650
13,41;20674,5;21633;650
13,42;20619,4;21857,5;650
13,43;20569,6;22214,4;650
13,44;20586,7;22218,2;650
13,45;20666,6;21820,4;650
13,46;20710,3;21621,3;650
13,47;20654,3;21820,9;650
13,48;20614,3;22149,1;650
13,49;20615,2;22193,4;650
13,5;20690,8;21876,9;650
13,51;20738,1;21639;650
13,52;20711;21732,1;650
13,53;20672,3;22061,5;650
13,54;20656;22132,1;650
13,55;20721,2;21917,2;650
13,56;20774,5;21681,3;650
13,57;20766;21655,8;650
13,58;20737;21942,2;650
13,59;20724,5;22075;650
13,6;20766,3;21933,9;650
13,61;20812,1;21709,2;650
13,62;20832,4;21640,3;650
13,63;20813,9;21801,6;650
13,64;20803,3;21955,3;650
13,65;20825,2;21941,2;650
13,66;20863,7;21731,6;650
13,67;20890,3;21625,9;650
13,68;20888,8;21720,9;650
13,69;20884;21871,2;650
13,7;20902,8;21833,2;650
13,71;20929,6;21683,2;650
13,72;20947,5;21646,4;650
13,73;20945,7;21714,5;650
13,74;20961,9;21781;650
13,75;20978,2;21706;650
13,76;20991,5;21589,8;650
13,77;21021,6;21673,3;650
13,78;21023,6;21675,1;650
13,79;21031,3;21584,5;650
13,8;21084,6;21642,5;650
13,81;21054,7;21620,5;650
13,82;21098,6;21564;650
13,83;21113,1;21601,5;650
13,84;21118,3;21519,5;650
13,85;21152,8;21578,6;650
13,86;21152,9;21518,8;650
13,87;21181,2;21500,8;650
13,88;21193,7;21515,7;650
13,89;21207,9;21513,4;650
13,9;21240;21457;650
13,91;21251,7;21455,9;650
13,92;21247,9;21449;650
13,93;21305,9;21424,2;650
13,94;21310,1;21367,9;650
13,95;21271,7;21426,4;650
13,96;21356,7;21362,7;650
13,97;21322,4;21347,6;650
13,98;21318,9;21355,1;650
13,99;21470,9;21351,2;650
14;21336,1;21264,8;650
14,01;21442,8;21301,1;650
14,02;21456,2;21325,8;650
14,03;21422,5;21232,4;650
14,04;21494,8;21251,9;650
14,05;21476,3;21234,1;650
14,06;21486,5;21236,8;650
14,07;21527,6;21199,6;650
14,08;21531,4;21165;650
14,09;21549,2;21152,8;650
14,1;21553,9;21151;650
14,11;21577,2;21137,7;650
14,12;21582,6;21127,6;650
14,13;21593,8;21097,4;650
14,14;21609,8;21089,6;650
14,15;21625,7;21083,7;650
14,16;21655,4;21066,4;650
14,17;21655,9;21050,4;650
14,18;21672,4;21041,7;650
14,19;21683,6;21016,5;650
14,2;21679,9;21000,2;650
14,21;21691,5;20984,6;650
14,22;21702;20977,2;650
14,23;21721,7;20954,4;650
14,24;21736;20949,2;650
14,25;21737,2;20934,2;650
14,26;21756,4;20922,7;650
14,27;21755,3;20900,6;650
14,28;21743,7;20895,6;650
14,29;21759,5;20883,7;650
14,3;21783,1;20867,6;650
14,31;21785,9;20856,6;650
14,32;21787,8;20854,3;650
14,33;21789,5;20828,7;650
14,34;21784,3;20815,1;650
14,35;21806,3;20821,5;650
14,36;21800,1;20812,2;650
14,37;21724,8;20794,5;650
14,38;21826,8;20755,7;650
14,39;21850,6;20754,8;650
14,4;21841,2;20782,2;650
14,41;21802,8;20752,2;650
14,42;21804,1;20760,5;650
14,43;21824,5;20735;650
14,44;21841,4;20727,8;650
14,45;21841,3;20726;650
14,46;21824,9;20704,7;650
14,47;21804;20699,1;650
14,48;21805,8;20676,8;650
14,49;21842,8;20693,8;650
14,5;21857,8;20686,3;650
14,51;21860;20690,1;650
14,52;21849,2;20680,8;650
14,53;21834,8;20677,5;650
14,54;21819,5;20659,6;650
14,55;21838,1;20656,4;650
14,56;21863,3;20646,8;650
14,57;21869,8;20653,7;650
14,58;21870,8;20646,4;650
14,59;21853,5;20632,3;650
14,6;21847,4;20630,1;650
14,61;21876;20634,5;650
14,62;21878,8;20626;650
14,63;21892,2;20626,8;650
14,64;21882,1;20624,4;650
14,65;21895,1;20631;650
14,66;21904,9;20630,7;650
14,67;21895,7;20631;650
14,68;21882,8;20624,7;650
14,69;21887,2;20621,7;650
14,7;21916,9;20628;650
14,71;21941,4;20627,6;650
14,72;21940,9;20620,8;650
14,73;21916,4;20620,6;650
14,74;21904,4;20610,1;650
14,75;21899,7;20612;650
14,76;21939;20638,9;650
14,77;21962,1;20642,4;650
14,78;21949,3;20647,6;650
14,79;21930,5;20643,4;650
14,8;21905,2;20637,9;650
14,81;21923,1;20639,3;650
14,82;21949,9;20649,3;650
14,83;21965,7;20656,4;650
14,84;21940,7;20654,7;650
14,85;21937;20655,4;650
14,86;21914,1;20649,6;650
14,87;21929,8;20664,7;650
14,88;21932,6;20674,1;650
14,89;21930;20682,1;650
14,9;21942,6;20692,7;650
14,91;21907,5;20690,4;650
14,92;21910,5;20703,1;650
14,93;21903,6;20710,8;650
14,94;21909,6;20714,7;650
14,95;21899,7;20721,4;650
14,96;21895,4;20731,6;650
14,97;21888,4;20730,8;650
14,98;21874;20743,9;650
14,99;21871;20758,8;650
15;21864,8;20764,9;650
15,01;21848,1;20764,7;650
15,02;21849,9;20782,2;650
15,03;21836,8;20794,1;650
15,04;21829,6;20786,9;650
15,05;21822,6;20823,4;650
15,06;21812,7;20820,2;650
15,07;21806,3;20827,5;650
15,08;21788,5;20844;650
15,09;21783,3;20849,2;650
15,1;21761,4;20866,6;650
15,11;21748;20874,4;650
15,12;21754,1;20893,2;650
15,13;21723,5;20901,7;650
15,14;21718;20908,8;650
15,15;21714,7;20935,4;650
15,16;21695,7;20939,9;650
15,17;21674,5;20949;650
15,18;21665,9;20967,6;650
15,19;21668,8;20987,3;650
15,2;21641,4;20997,7;650
15,21;21618,1;21008,5;650
15,22;21624,7;21029,3;650
15,23;21603,8;21048;650
15,24;21587;21047,8;650
15,25;21598,2;21083,7;650
15,26;21579,6;21094,5;650
15,27;21551,3;21100,8;650
15,28;21541,5;21124;650
15,29;21521,3;21136,7;650
15,3;21502,8;21152,8;650
15,31;21498,8;21165,8;650
15,32;21486,4;21178,7;650
15,33;21474,1;21212,3;650
15,34;21468,6;21227;650
15,35;21417,1;21224,2;650
15,36;21421;21282,5;650
15,37;21415;21215,2;650
15,38;21390;21342,4;650
15,39;21401,7;21273,6;650
15,4;21372,9;21379,9;650
15,41;21350;21289,9;650
15,42;21356,7;21428,7;650
15,43;21327;21346,1;650
15,44;21318;21405,9;650
15,45;21289,2;21439,2;650
15,46;21281,3;21426,4;650
15,47;21308,3;21411,3;650
15,48;21228,4;21476,9;650
15,49;21220,6;21465,8;650
15,5;21210,5;21519,8;650
15,51;21238,7;21527,4;650
15,52;21215;21502,1;650
15,53;21164,9;21561,2;650
15,54;21152,3;21576,5;650
15,55;21173,4;21578,1;650
15,56;21147,5;21564,5;650
15,57;21133,2;21589,9;650
15,58;21100,9;21637,2;650
15,59;21094,5;21650,8;650
15,6;21082,4;21610,8;650
15,61;21071,7;21641,1;650
15,62;21063,2;21666,9;650
15,63;21052,2;21677,7;650
15,64;21032,9;21688,3;650
15,65;21023,2;21704,7;650
15,66;21007,7;21676,7;650
15,67;20994,1;21747,5;650
15,68;20987,6;21705,2;650
15,69;20975,8;21730,2;650
15,7;20971,2;21727,1;650
15,71;20945,5;21745,8;650
15,72;20923,6;21739,3;650
15,73;20917,4;21673,6;650
15,74;20915,9;21807,4;650
15,75;20904,5;21722,2;650
15,76;20878,8;21793,2;650
15,77;20864,2;21739,6;650
15,78;20869,3;21741,8;650
15,79;20849,8;21782,3;650
15,8;20848,6;21782,5;650
15,81;20842,5;21670,6;650
15,82;20836,1;21732;650
15,83;20815,9;21775,5;650
15,84;20802,5;21815,2;650
15,85;20792,7;21795,6;650
15,86;20803,7;21711,2;650
15,87;20784,6;21694;650
15,88;20782,5;21760,2;650
15,89;20758,9;21830;650
15,9;20753,5;21786,9;650
15,91;20774,7;21789,8;650
15,92;20751,6;21783,8;650
15,93;20725,1;21467,5;650
15,94;20723,9;21911,5;650
15,95;20727,9;21895,4;650
15,96;20735,7;21719,4;650
15,97;20721,9;21697,1;650
15,98;20704,4;21833,2;650
15,99;20712;21720,2;650
16;20714,2;21680;650
16,01;20710,7;21809,3;650
16,02;20696;21833,8;650
16,03;20700,8;21852,4;650
16,04;20691,5;21771,8;650
16,05;20706,5;21768,2;650
16,06;20681,2;21813,7;650
16,07;20693,3;21859,4;650
16,08;20697,1;21767,6;650
16,09;20683,2;21769,9;650
16,1;20676,2;21840,5;650
16,11;20686,5;21884,9;650
16,12;20688,5;21821,6;650
16,13;20696,7;21806;650
16,14;20689,3;21838,5;650
16,15;20686,4;21840,1;650
16,16;20691,4;21862;650
16,17;20684,8;21916,3;650
16,18;20690,3;21786,1;650
16,19;20698,7;21869,5;650
16,2;20680,4;21933,6;650
16,21;20697;21947,5;650
16,22;20699,6;21777,9;650
16,23;20708,7;21879,8;650
16,24;20703,6;21895,7;650
16,25;20711,6;21904,4;650
16,26;20709,9;21867,9;650
16,27;20718,6;21900,3;650
16,28;20720,6;21874,9;650
16,29;20729;21908,9;650
16,3;20734,7;21877,9;650
16,31;20738,2;21865,9;650
16,32;20742,1;21848,2;650
16,33;20746;21927,5;650
16,34;20753,4;21863,9;650
16,35;20758,2;21842,8;650
16,36;20762,7;21896,2;650
16,37;20771,9;21855;650
16,38;20781,7;21816,5;650
16,39;20789,2;21897,1;650
16,4;20785,7;21833,7;650
16,41;20804,1;21810,7;650
16,42;20812,2;21866,9;650
16,43;20818,6;21805,6;650
16,44;20826,6;21800,3;650
16,45;20837,8;21837,8;650
16,46;20839;21792;650
16,47;20853,5;21799,5;650
16,48;20863,4;21807,4;650
16,49;20866,2;21758,6;650
16,5;20884,9;21780;650
16,51;20888,4;21725,3;650
16,52;20905,9;21755;650
16,53;20909;21748,2;650
16,54;20925,2;21727,6;650
16,55;20922,2;21720;650
16,56;20942,2;21691,6;650
16,57;20970,9;21714,6;650
16,58;20951,3;21663,9;650
16,59;20976,6;21670;650
16,6;20988,2;21656,1;650
16,61;20987,9;21633,5;650
16,62;21009,2;21630,6;650
16,63;21025,2;21641,3;650
16,64;21036,8;21614,5;650
16,65;21042,5;21599,7;650
16,66;21066,1;21544,6;650
16,67;21071,3;21621,1;650
16,68;21095;21536,7;650
16,69;21083,3;21542;650
16,7;21118,9;21541,1;650
16,71;21129,7;21510,2;650
16,72;21146,2;21504,9;650
16,73;21151,5;21501,2;650
16,74;21170,1;21468,4;650
16,75;21183,3;21466,9;650
16,76;21194;21448,9;650
16,77;21218,6;21444,1;650
16,78;21226,6;21422,8;650
16,79;21237,5;21404,1;650
16,8;21251,2;21395,4;650
16,81;21279,5;21373,2;650
16,82;21279,9;21362,3;650
16,83;21293,7;21370,2;650
16,84;21320,2;21339,1;650
16,85;21338,9;21327,7;650
16,86;21365,5;21326,8;650
16,87;21390,6;21308,7;650
16,88;21400,8;21293,4;650
16,89;21416,1;21293;650
16,9;21391,4;21230,3;650
16,91;21409,4;21220,6;650
16,92;21463,5;21263,1;650
16,93;21474,4;21220,9;650
16,94;21478,7;21184,4;650
16,95;21503,8;21197;650
16,96;21507,5;21180;650
16,97;21535,2;21177,7;650
16,98;21559,7;21160,3;650
16,99;21575,2;21147,2;650
17;21582,2;21133,4;650
17,01;21598,9;21122,3;650
17,02;21616,3;21096,3;650
17,03;21627,4;21093,2;650
17,04;21643,1;21079,7;650
17,05;21649,5;21067,3;650
17,06;21672,6;21064,9;650
17,07;21688,2;21046,2;650
17,08;21693,2;21037,8;650
17,09;21715,4;21031,9;650
17,1;21710,4;21005,6;650
17,11;21708,7;20998;650
17,12;21740,3;20988,7;650
17,13;21727,1;20973,6;650
17,14;21758,8;20971,5;650
17,15;21758,2;20959,4;650
17,16;21757,6;20953,8;650
17,17;21773,2;20941,2;650
17,18;21777,3;20929,1;650
17,19;21769,3;20924,9;650
17,2;21769,2;20908,4;650
17,21;21770,3;20890,1;650
17,22;21786,6;20896,9;650
17,23;21730,7;20877,7;650
17,24;21784,1;20880,2;650
17,25;21772;20858,1;650
17,26;21764,3;20866,4;650
17,27;21766,3;20868,3;650
17,28;21760,2;20837,3;650
17,29;21766,2;20834,7;650
17,3;21742,8;20820,4;650
17,31;21676,4;20824,5;650
17,32;21752,3;20793,1;650
17,33;21824,8;20812,1;650
17,34;21737,1;20785,6;650
17,35;21714,2;20790,5;650
17,36;21569,7;20811,1;650
17,37;21741,2;20757,1;650
17,38;21817,2;20748,4;650
17,39;21749,7;20760,7;650
17,4;21670,1;20794,9;650
17,41;21660;20810,4;650
17,42;21696,6;20743,6;650
17,43;21783;20736,4;650
17,44;21766;20708,3;650
17,45;21703,9;20791,5;650
17,46;21643,5;20773,9;650
17,47;21689,8;20782,4;650
17,48;21775;20721,1;650
17,49;21781,2;20708,6;650
17,5;21717,2;20741,2;650
17,51;21658,1;20786,6;650
17,52;21721,4;20741,1;650
17,53;21774,9;20706,4;650
17,54;21791,1;20712,4;650
17,55;21752,9;20735,8;650
17,56;21709,1;20772;650
17,57;21732,8;20725,1;650
17,58;21793;20741,4;650
17,59;21809,4;20745,3;650
17,6;21805,6;20741,4;650
17,61;21800,5;20759,8;650
17,62;21782;20738,8;650
17,63;21782,4;20744,2;650
17,64;21806,4;20758,2;650
17,65;21811,3;20753,7;650
17,66;21848,7;20772;650
17,67;21848,8;20768;650
17,68;21826,5;20760,9;650
17,69;21817,1;20768,5;650
17,7;21810,8;20767,2;650
17,71;21821,8;20774,5;650
17,72;21831;20782,7;650
17,73;21841,9;20776,3;650
17,74;21856,7;20802,6;650
17,75;21843,6;20793,9;650
17,76;21837,2;20806;650
17,77;21823,8;20811;650
17,78;21820,4;20812,1;650
17,79;21824,3;20816,3;650
17,8;21815,6;20827,6;650
17,81;21816,7;20818,7;650
17,82;21826,3;20850,7;650
17,83;21808,7;20840;650
17,84;21792,3;20848,3;650
17,85;21788,7;20873,9;650
17,86;21775,9;20865;650
17,87;21772,7;20882,5;650
17,88;21758;20888,5;650
17,89;21771,4;20897,7;650
17,9;21753,2;20906;650
17,91;21756,8;20905;650
17,92;21745,5;20921,6;650
17,93;21714;20921;650
17,94;21716,7;20942,9;650
17,95;21700,5;20943,4;650
17,96;21686,5;20956,9;650
17,97;21681,5;20968,4;650
17,98;21677,5;20975,8;650
17,99;21669,4;20992,2;650
18;21639,4;20993,1;650
18,01;21636,2;21011;650
18,02;21634,2;21029,3;650
18,03;21609,8;21029,8;650
18,04;21611,4;21049,3;650
18,05;21601,7;21067,7;650
18,06;21584,5;21064,2;650
18,07;21564,6;21074,1;650
18,08;21560,9;21095,3;650
18,09;21555,1;21103,4;650
18,1;21532,8;21109;650
18,11;21508,1;21142,1;650
18,12;21503;21136,1;650
18,13;21507,5;21155;650
18,14;21477,4;21160,2;650
18,15;21471,4;21171,9;650
18,16;21469,7;21195,4;650
18,17;21452,8;21202,3;650
18,18;21414,8;21202,4;650
18,19;21403,5;21220,1;650
18,2;21401,5;21240,2;650
18,21;21401,3;21256;650
18,22;21381,3;21276,8;650
18,23;21372,1;21290,7;650
18,24;21362,4;21292,3;650
18,25;21351,3;21315,5;650
18,26;21335,5;21340,4;650
18,27;21309,2;21320,5;650
18,28;21313,9;21365;650
18,29;21299,4;21383,2;650
18,3;21260,5;21367,5;650
18,31;21236;21381,8;650
18,32;21267;21389,6;650
18,33;21238,4;21442,4;650
18,34;21229,2;21425,5;650
18,35;21227,9;21440,7;650
18,36;21210,8;21466,5;650
18,37;21191,3;21466,5;650
18,38;21171,1;21504,9;650
18,39;21156,2;21530,7;650
18,4;21163,8;21540,2;650
18,41;21146,8;21503,5;650
18,42;21130,8;21537,8;650
18,43;21117,8;21576;650
18,44;21109,5;21547,7;650
18,45;21096,8;21629,1;650
18,46;21070,2;21636;650
18,47;21084,4;21583;650
18,48;21062,9;21591,2;650
18,49;21061;21638,2;650
18,5;21032,5;21661,1;650
18,51;21023,4;21691,4;650
18,52;21012,4;21692,7;650
18,53;20998,8;21688;650
18,54;20999,5;21684,5;650
18,55;20983;21669,5;650
18,56;20978;21732,7;650
18,57;20968,1;21778,9;650
18,58;20949,5;21751,1;650
18,59;20946,5;21754,3;650
18,6;20943,4;21728;650
18,61;20926,8;21741,6;650
18,62;20914,4;21771,2;650
18,63;20906,5;21801;650
18,64;20903,8;21751,8;650
18,65;20890,4;21809,2;650
18,66;20881,4;21814,8;650
18,67;20873,7;21749,5;650
18,68;20866,6;21831,9;650
18,69;20862;21736,9;650
18,7;20853,6;21824,9;650
18,71;20844,5;21770,6;650
18,72;20838,3;21816,6;650
18,73;20841;21733,2;650
18,74;20817,9;21858,4;650
18,75;20816,6;21859,1;650
18,76;20824,1;21761;650
18,77;20826,9;21710,3;650
18,78;20818,2;21743,4;650
18,79;20794,6;21750;650
18,8;20789,8;21779,7;650
18,81;20793;21775,3;650
18,82;20788,5;21708,6;650
18,83;20784,9;21758;650
18,84;20788;21772,3;650
18,85;20759,3;21849,9;650
18,86;20797,2;21679,1;650
18,87;20792,9;21606,4;650
18,88;20800;21770,8;650
18,89;20726,4;21817,6;650
18,9;20761,4;21803,9;650
18,91;20760,2;21660,6;650
18,92;20793,3;21606,6;650
18,93;20757,9;21743,9;650
18,94;20759,8;21665,2;650
18,95;20747,7;21679,8;650
18,96;20764,2;21722,6;650
18,97;20752,1;21697,4;650
18,98;20760,3;21737,4;650
18,99;20752,6;21726,9;650
19;20758,6;21726,2;650
19,01;20771,6;21752,4;650
19,02;20774,3;21717,5;650
19,03;20766,8;21702,7;650
19,04;20757,8;21771,5;650
19,05;20766,9;21766;650
19,06;20775,4;21733,6;650
19,07;20796,4;21676,6;650
19,08;20792,9;21683,1;650
19,09;20786;21741,6;650
19,1;20778,7;21768,9;650
19,11;20789,1;21744;650
19,12;20808,5;21737;650
19,13;20817,3;21751,4;650
19,14;20820,1;21798,8;650
19,15;20813,8;21822,1;650
19,16;20821,4;21779,3;650
19,17;20825,9;21730,4;650
19,18;20832,4;21735,2;650
19,19;20839,7;21822;650
19,2;20845,3;21818,6;650
19,21;20853,2;21698,1;650
19,22;20851,3;21832;650
19,23;20867,7;21771,8;650
19,24;20865,9;21786,4;650
19,25;20882,4;21764,7;650
19,26;20881;21791,9;650
19,27;20894,1;21715,9;650
19,28;20900;21809;650
19,29;20900,8;21770,9;650
19,3;20918,2;21722,6;650
19,31;20921,4;21732,5;650
19,32;20938,6;21734,9;650
19,33;20937,3;21736,1;650
19,34;20945,1;21724,7;650
19,35;20959,7;21700,6;650
19,36;20971,1;21721,3;650
19,37;20977;21696,6;650
19,38;20978,9;21691,2;650
19,39;20996,6;21665,6;650
19,4;21012,9;21648,4;650
19,41;21015;21675,9;650
19,42;21026,1;21622,2;650
19,43;21044,1;21630,1;650
19,44;21048,3;21622,8;650
19,45;21063,2;21601,3;650
19,46;21067,4;21594,1;650
19,47;21078,9;21595,5;650
19,48;21082,5;21562,1;650
19,49;21108,8;21582,1;650
19,5;21113,7;21552,2;650
19,51;21118,4;21529,3;650
19,52;21142,3;21527,4;650
19,53;21141,5;21515,1;650
19,54;21171,8;21485,2;650
19,55;21172,3;21463,8;650
19,56;21165,2;21481,8;650
19,57;21209,1;21465,2;650
19,58;21218,4;21408,4;650
19,59;21209,1;21445,1;650
19,6;21214,4;21449,5;650
19,61;21250;21420,7;650
19,62;21278,4;21378,6;650
19,63;21284,6;21374,5;650
19,64;21281,2;21362,5;650
19,65;21281;21335,5;650
19,66;21312,2;21341,4;650
19,67;21326,7;21371;650
19,68;21317,4;21291,6;650
19,69;21331,5;21270,2;650
19,7;21358,1;21318,4;650
19,71;21371,6;21250,3;650
19,72;21363,8;21255,1;650
19,73;21403,6;21300,3;650
19,74;21419,2;21175,6;650
19,75;21416,2;21237,4;650
19,76;21431,3;21266,4;650
19,77;21457,2;21148,2;650
19,78;21461,5;21140,4;650
19,79;21468,8;21236,8;650
19,8;21492,7;21227,4;650
19,81;21500,7;21130,1;650
19,82;21519,9;21081,9;650
19,83;21540,9;21105,8;650
19,84;21534;21191,4;650
19,85;21551,3;21136,9;650
19,86;21567,4;21054,2;650
19,87;21584,2;21037,7;650
19,88;21595,9;21101,4;650
19,89;21583,9;21110,2;650
19,9;21615,5;21053,8;650
19,91;21630,1;21008,1;650
19,92;21653,7;21016,2;650
19,93;21664,3;21023;650
19,94;21650,9;21054,5;650
19,95;21655,5;21037,9;650
19,96;21695,6;20985,6;650
19,97;21693,8;20949,2;650
19,98;21717,5;20974,1;650
19,99;21708,3;20946,2;650
20;21724,9;20966,4;650
20,01;21722,4;20940,2;650
20,02;21724,1;20948,9;650
20,03;21734,3;20934,8;650
20,04;21764;20925,3;650
20,05;21773,7;20921,4;650
20,06;21780,1;20903,7;650
20,07;21770;20890,7;650
20,08;21789,8;20885,1;650
20,09;21780,8;20882,6;650
20,1;21782,8;20862,6;650
20,11;21800,9;20864,4;650
20,12;21793,2;20847,4;650
20,13;21795,4;20850,6;650
20,14;21802,9;20836,7;650
20,15;21805,3;20831,6;650
20,16;21794,9;20820,1;650
20,17;21799;20833,1;650
20,18;21803,4;20811,9;650
20,19;21812,3;20812,1;650
20,2;21800,8;20816,3;650
20,21;21794,6;20803,4;650
20,22;21802,5;20802;650
20,23;21794,3;20789,2;650
20,24;21796,3;20794,6;650
20,25;21799,1;20797,5;650
20,26;21787,2;20783;650
20,27;21778,6;20774,9;650
20,28;21778,8;20781;650
20,29;21769,6;20763,3;650
20,3;21778,2;20786,5;650
20,31;21763;20758,5;650
20,32;21771,8;20774,7;650
20,33;21759,2;20759,4;650
20,34;21758,7;20768,2;650
20,35;21748,1;20759,3;650
20,36;21747,4;20762,5;650
20,37;21750,5;20763,3;650
20,38;21745,2;20757,5;650
20,39;21747,1;20765,8;650
20,4;21731;20765,9;650
20,41;21727,5;20765,1;650
20,42;21724,5;20762,8;650
20,43;21732,2;20758;650
20,44;21746,1;20771;650
20,45;21737,7;20774,1;650
20,46;21738,6;20778,6;650
20,47;21721,4;20768,8;650
20,48;21722,9;20777,7;650
20,49;21727,7;20780,2;650
20,5;21732,7;20772,8;650
20,51;21724,2;20779,8;650
20,52;21737,1;20797,4;650
20,53;21736,3;20788;650
20,54;21732,6;20793,5;650
20,55;21722,4;20790;650
20,56;21730,2;20813,8;650
20,57;21741,7;20823,4;650
20,58;21735,1;20814,4;650
20,59;21741,5;20832,5;650
20,6;21735,2;20833,8;650
20,61;21734,6;20831,6;650
20,62;21729,3;20847,8;650
20,63;21733;20858,1;650
20,64;21728,5;20848,1;650
20,65;21738,1;20860,8;650
20,66;21742;20874;650
20,67;21741,4;20880,4;650
20,68;21722,6;20868,8;650
20,69;21717,6;20897,1;650
20,7;21734,5;20906,6;650
20,71;21739,2;20911,8;650
20,72;21718,1;20917,9;650
20,73;21695,5;20919,3;650
20,74;21723,5;20935,7;650
20,75;21701,4;20947,6;650
20,76;21702,2;20956,6;650
20,77;21698,3;20966;650
20,78;21683,1;20974,5;650
20,79;21678,6;20982,5;650
20,8;21678,5;20992,4;650
20,81;21669,5;21001,7;650
20,82;21674,2;21027;650
20,83;21649,9;21020,4;650
20,84;21630,8;21022,9;650
20,85;21627,8;21038,6;650
20,86;21620,5;21053,9;650
20,87;21613,1;21059,4;650
20,88;21599,4;21075,6;650
20,89;21596,8;21089,8;650
20,9;21578,2;21100,2;650
20,91;21570,8;21113,1;650
20,92;21563,5;21124,4;650
20,93;21540,3;21121,9;650
20,94;21547,8;21147;650
20,95;21508,1;21142,8;650
20,96;21523,2;21173,9;650
20,97;21480,9;21161,9;650
20,98;21506,3;21205,7;650
20,99;21471,5;21193,3;650
21;21477;21231,9;650
21,01;21446,9;21223,1;650
21,02;21428,3;21232;650
21,03;21429,4;21259,8;650
21,04;21390,2;21244,9;650
21,05;21401,1;21267,5;650
21,06;21372;21309,7;650
21,07;21368,5;21251,3;650
21,08;21351;21345,3;650
21,09;21335,7;21300,7;650
21,1;21317,1;21327,2;650
21,11;21318,5;21357,6;650
21,12;21304,5;21370,9;650
21,13;21282,9;21358;650
21,14;21283,8;21365,4;650
21,15;21249,9;21395,3;650
21,16;21244,9;21421,4;650
21,17;21232,2;21399,1;650
21,18;21218;21421,7;650
21,19;21205,4;21433,3;650
21,2;21189,5;21458,3;650
21,21;21177,8;21492,3;650
21,22;21160,6;21494;650
21,23;21156,9;21496,1;650
21,24;21137,5;21463,6;650
21,25;21127,9;21521,3;650
21,26;21118,6;21574,2;650
21,27;21098,1;21507,4;650
21,28;21097,7;21582,4;650
21,29;21078,7;21524,4;650
21,3;21066,6;21635;650
21,31;21049,3;21529,6;650
21,32;21071,2;21640,8;650
21,33;21011,3;21648,4;650
21,34;21034;21605,6;650
21,35;21027,7;21620,4;650
21,36;21003,4;21616,5;650
21,37;21004,3;21668,1;650
21,38;20977,4;21665,1;650
21,39;20974,6;21698,1;650
21,4;20962,1;21694,4;650
21,41;20956;21704,3;650
21,42;20942,8;21698,9;650
21,43;20937,9;21692,8;650
21,44;20924,7;21731,9;650
21,45;20917,6;21769,1;650
21,46;20908,6;21805,5;650
21,47;20908,2;21730,8;650
21,48;20891,6;21708,9;650
21,49;20890,3;21765,6;650
21,5;20878,2;21789,1;650
21,51;20872,6;21795,7;650
21,52;20863,4;21789,7;650
21,53;20853,7;21799,8;650
21,54;20851,7;21756,8;650
21,55;20844,8;21837,1;650
21,56;20835,3;21824,4;650
21,57;20831,1;21757,9;650
21,58;20828,7;21851,4;650
21,59;20813,5;21764;650
21,6;20813,9;21847;650
21,61;20809,4;21799;650
21,62;20806,5;21846,9;650
21,63;20798,6;21821,2;650
21,64;20786,3;21801,9;650
21,65;20793;21818,1;650
21,66;20781,7;21788,4;650
21,67;20781,5;21845,4;650
21,68;20775,7;21814,8;650
21,69;20782,2;21788,2;650
21,7;20759,1;21879,7;650
21,71;20764,4;21736,1;650
21,72;20771,8;21785,7;650
21,73;20753,7;21862,9;650
21,74;20758,7;21811,1;650
21,75;20762,6;21777,1;650
21,76;20758,9;21797;650
21,77;20753;21794;650
21,78;20748,4;21817,5;650
21,79;20770,1;21781,9;650
21,8;20749,7;21737,7;650
21,81;20752,9;21805,9;650
21,82;20755,9;21773,4;650
21,83;20760,9;21764,7;650
21,84;20750,2;21800;650
21,85;20755,2;21837,6;650
21,86;20759;21742,7;650
21,87;20767,2;21674,1;650
21,88;20760;21771,8;650
21,89;20759,7;21830,8;650
21,9;20767,4;21742,2;650
21,91;20771,8;21742,5;650
21,92;20765,6;21804,9;650
21,93;20770,8;21717,9;650
21,94;20786,2;21714,8;650
21,95;20784,9;21801,8;650
21,96;20778,4;21761,2;650
21,97;20784,4;21758,6;650
21,98;20796;21735,3;650
21,99;20796,5;21742,7;650
22;20800,6;21737,3;650
22,01;20808,9;21725,3;650
22,02;20811,8;21785,2;650
22,03;20821,2;21699,7;650
22,04;20825,2;21770,6;650
22,05;20823,8;21744,3;650
22,06;20842,3;21726,4;650
22,07;20854,7;21727,1;650
22,08;20847,9;21750,1;650
22,09;20851,7;21733,6;650
22,1;20879,6;21699,6;650
22,11;20865,6;21732,4;650
22,12;20876,1;21764,6;650
22,13;20890,2;21651,4;650
22,14;20903,2;21732,9;650
22,15;20902,7;21736,6;650
22,16;20913,8;21679,6;650
22,17;20916,8;21668,8;650
22,18;20930,6;21738;650
22,19;20939,7;21720;650
22,2;20957,7;21667,1;650
22,21;20958,9;21679,5;650
22,22;20966,1;21689,8;650
22,23;20974,1;21657,4;650
22,24;20985,6;21654,1;650
22,25;20994,4;21637,4;650
22,26;21014,8;21644,5;650
22,27;21025,8;21620,3;650
22,28;21035,3;21627;650
22,29;21047,3;21604,5;650
22,3;21050,1;21611,7;650
22,31;21057,5;21609,1;650
22,32;21070;21601,1;650
22,33;21097,4;21556,3;650
22,34;21110;21572,7;650
22,35;21101,8;21541;650
22,36;21118,1;21557,9;650
22,37;21149,6;21524,6;650
22,38;21139,9;21532,2;650
22,39;21141,9;21542,1;650
22,4;21186,7;21487,3;650
22,41;21192,8;21469,1;650
22,42;21165,3;21505,6;650
22,43;21225,3;21453,1;650
22,44;21215,4;21438,8;650
22,45;21203,8;21465,3;650
22,46;21277;21416,3;650
22,47;21231,1;21425,3;650
22,48;21288,1;21416,6;650
22,49;21298,9;21386,6;650
22,5;21245,4;21377,9;650
22,51;21374,4;21370,8;650
22,52;21275,1;21345,2;650
22,53;21338,1;21357,7;650
22,54;21394,9;21365,1;650
22,55;21321;21265,2;650
22,56;21330,6;21283,4;650
22,57;21416,4;21303,3;650
22,58;21401,7;21273,6;650
22,59;21384,2;21259;650
22,6;21436,9;21248,9;650
22,61;21420,4;21228,4;650
22,62;21442,8;21209,3;650
22,63;21443,6;21205,4;650
22,64;21473,8;21193,1;650
22,65;21473,4;21179,3;650
22,66;21495,6;21183,7;650
22,67;21505,1;21152,6;650
22,68;21511,4;21143,3;650
22,69;21533,8;21144,8;650
22,7;21529,3;21111,6;650
22,71;21559,8;21121,1;650
22,72;21546,2;21086,2;650
22,73;21581,6;21095,8;650
22,74;21571,9;21062,4;650
22,75;21600,3;21061;650
22,76;21595,8;21036,8;650
22,77;21611,7;21038,6;650
22,78;21626,1;21024;650
22,79;21636,9;21014,6;650
22,8;21643,7;20996,5;650
22,81;21646,6;20984,6;650
22,82;21671,1;20988,1;650
22,83;21673,3;20968,3;650
22,84;21688;20965;650
22,85;21674,7;20934,6;650
22,86;21709,4;20945,7;650
22,87;21700,2;20920,5;650
22,88;21723,1;20919,5;650
22,89;21721,7;20905,7;650
22,9;21746,1;20907,1;650
22,91;21731,2;20884,3;650
22,92;21766,6;20892,2;650
22,93;21741,5;20860,9;650
22,94;21772,4;20874,6;650
22,95;21765,8;20853,8;650
22,96;21791,1;20858,6;650
22,97;21770;20840,9;650
22,98;21787,5;20832,4;650
22,99;21795,1;20826,5;650
23;21792,3;20825,6;650
23,01;21807,6;20820;650
23,02;21815;20805,6;650
23,03;21808,8;20810,5;650
23,04;21797,3;20792,6;650
23,05;21833,5;20800,8;650
23,06;21816,5;20790,1;650
23,07;21809,2;20784,5;650
23,08;21814,1;20779,2;650
23,09;21828,5;20774,7;650
23,1;21835;20763;650
23,11;21833,8;20769,4;650
23,12;21821,5;20757,8;650
23,13;21825,4;20757,9;650
23,14;21822,3;20763,2;650
23,15;21819,8;20748;650
23,16;21820,1;20756,4;650
23,17;21827,2;20749,4;650
23,18;21836,6;20746,9;650
23,19;21822,4;20736,6;650
23,2;21819,3;20746,9;650
23,21;21821,6;20743,9;650
23,22;21816;20733,4;650
23,23;21816,3;20752,4;650
23,24;21810,8;20739,9;650
23,25;21818,4;20741,5;650
23,26;21809,7;20740,9;650
23,27;21795,5;20737,8;650
23,28;21801,6;20742;650
23,29;21803,9;20749;650
23,3;21802,8;20746,4;650
23,31;21802,2;20751,9;650
23,32;21798,7;20747,1;650
23,33;21792,9;20745,2;650
23,34;21791,4;20757,8;650
23,35;21786,3;20760;650
23,36;21780,8;20756;650
23,37;21799,8;20769,6;650
23,38;21784,4;20757,9;650
23,39;21780,5;20769,2;650
23,4;21774,4;20771,9;650
23,41;21772,9;20777,3;650
23,42;21774;20784,7;650
23,43;21771,1;20791,8;650
23,44;21763,7;20796,1;650
23,45;21762,5;20788,5;650
23,46;21771,4;20805,2;650
23,47;21764;20811,6;650
23,48;21765,7;20814,7;650
23,49;21764,8;20829,1;650
23,5;21747,3;20824,3;650
23,51;21745,8;20835,8;650
23,52;21744,7;20838,5;650
23,53;21740,8;20848,5;650
23,54;21738,7;20864,4;650
23,55;21745;20873,8;650
23,56;21733,1;20864,7;650
23,57;21712,2;20870,6;650
23,58;21711,2;20894,7;650
23,59;21727,3;20902,8;650
23,6;21719;20905;650
23,61;21696,6;20903,2;650
23,62;21725,3;20931,6;650
23,63;21694,8;20933,4;650
23,64;21682,8;20941,1;650
23,65;21687;20951,9;650
23,66;21664,3;20949,4;650
23,67;21665,4;20972,3;650
23,68;21661,2;20988,8;650
23,69;21647,2;20993;650
23,7;21646,9;21007,9;650
23,71;21644;21018,4;650
23,72;21626,1;21020,1;650
23,73;21621;21035,7;650
23,74;21588,5;21038,9;650
23,75;21594,9;21052,6;650
23,76;21598,4;21061,9;650
23,77;21578,4;21087,1;650
23,78;21568,6;21096,1;650
23,79;21567,4;21103,2;650
23,8;21544,2;21105,6;650
23,81;21539;21114,3;650
23,82;21520,8;21130,8;650
23,83;21522,5;21161,2;650
23,84;21504,3;21167;650
23,85;21489,7;21171,1;650
23,86;21479,8;21182,9;650
23,87;21480,1;21205,3;650
23,88;21466,7;21215,3;650
23,89;21446;21213,9;650
23,9;21432,2;21238,3;650
23,91;21428,3;21258,6;650
23,92;21415,6;21252,9;650
23,93;21395,3;21264,1;650
23,94;21388,4;21298,8;650
23,95;21367,7;21284;650
23,96;21355,7;21304,7;650
23,97;21347;21320,6;650
23,98;21328,8;21325,7;650
23,99;21326,8;21355,2;650
24;21306,6;21341,4;650
24,01;21315,2;21410,6;650
24,02;21282,2;21350,8;650
24,03;21229,2;21417,3;650
24,04;21283,5;21418,7;650
24,05;21274,3;21410,3;650
24,06;21225;21431,8;650
24,07;21195,2;21464,5;650
24,08;21218,8;21468,7;650
24,09;21202,9;21442,9;650
24,1;21181;21477,2;650
24,11;21157,5;21503,6;650
24,12;21174,6;21532,5;650
24,13;21139,7;21484,9;650
24,14;21128,8;21528,5;650
24,15;21128,7;21567;650
24,16;21117,2;21564,8;650
24,17;21099,3;21538,4;650
24,18;21078;21564,5;650
24,19;21078,1;21602,2;650
24,2;21074,4;21591,7;650
24,21;21041,4;21574,9;650
24,22;21044;21614,7;650
24,23;21024,2;21638;650
24,24;21015,7;21674,3;650
24,25;21002,1;21659,6;650
24,26;20997,2;21641,4;650
24,27;20989,9;21621,3;650
24,28;20971,4;21625,9;650
24,29;20970,6;21719,8;650
24,3;20940,9;21723,3;650
24,31;20944,1;21667,7;650
24,32;20936,3;21662,1;650
24,33;20914,3;21749,5;650
24,34;20914,5;21746,6;650
24,35;20905,4;21725,7;650
24,36;20895;21694,4;650
24,37;20886,9;21720,5;650
24,38;20876,7;21752,3;650
24,39;20868,4;21801,7;650
24,4;20858,4;21726,8;650
24,41;20860,6;21729,7;650
24,42;20842,1;21778,1;650
24,43;20837,7;21810,4;650
24,44;20829,8;21734,8;650
24,45;20827,5;21791,5;650
24,46;20819,2;21785,8;650
24,47;20809,1;21794;650
24,48;20803,3;21775,8;650
24,49;20799,1;21798,7;650
24,5;20786,6;21805,6;650
24,51;20791,6;21792;650
24,52;20780;21822,6;650
24,53;20779,2;21771,5;650
24,54;20771,2;21823,3;650
24,55;20770,7;21850,4;650
24,56;20765,9;21710;650
24,57;20759,5;21865,4;650
24,58;20747,7;21887,5;650
24,59;20751;21725,4;650
24,6;20756;21825,6;650
24,61;20751,8;21850,8;650
24,62;20741,3;21788,8;650
24,63;20744,4;21859,8;650
24,64;20739,2;21787,4;650
24,65;20743,2;21809,1;650
24,66;20743,2;21873,1;650
24,67;20738,3;21753,8;650
24,68;20739,4;21843,4;650
24,69;20731,6;21856,9;650
24,7;20742,4;21842,4;650
24,71;20740,8;21726,3;650
24,72;20737,2;21851,8;650
24,73;20733;21859,6;650
24,74;20738,5;21749,2;650
24,75;20749,9;21846,3;650
24,76;20744;21839,4;650
24,77;20745,2;21768,3;650
24,78;20745,8;21841,6;650
24,79;20747,5;21793,8;650
24,8;20760,7;21803,6;650
24,81;20757,7;21839;650
24,82;20757,6;21781,2;650
24,83;20766,7;21821,4;650
24,84;20763,5;21756,3;650
24,85;20773,4;21815,9;650
24,86;20769,7;21845,8;650
24,87;20783,2;21728,9;650
24,88;20784,6;21837,1;650
24,89;20785,7;21749,4;650
24,9;20794,1;21817,7;650
24,91;20803,5;21732,4;650
24,92;20797,5;21831,6;650
24,93;20813;21734,4;650
24,94;20822,5;21804;650
24,95;20821,9;21747,6;650
24,96;20835;21764;650
24,97;20841,5;21755,1;650
24,98;20846;21760;650
24,99;20849,2;21755,4;650
25;20865,3;21754,5;650
25,01;20866,7;21681,4;650
25,02;20872,8;21766,3;650
25,03;20879,8;21764,2;650
25,04;20894,1;21679,8;650
25,05;20909;21684,8;650
25,06;20905,5;21738,2;650
25,07;20923,3;21740,8;650
25,08;20923,7;21659,9;650
25,09;20940,7;21710,1;650
25,1;20949,1;21692,4;650
25,11;20955,4;21653;650
25,12;20966,3;21648,2;650
25,13;20977,7;21671,4;650
25,14;20982,9;21670,2;650
25,15;21004;21622,9;650
25,16;21012,2;21634,9;650
25,17;21017,8;21617;650
25,18;21029,1;21635,9;650
25,19;21040,6;21599,6;650
25,2;21059,4;21600,7;650
25,21;21062,4;21589,4;650
25,22;21078,4;21580,4;650
25,23;21090,9;21558,4;650
25,24;21100,8;21570,5;650
25,25;21111,6;21540,4;650
25,26;21126,9;21514,7;650
25,27;21132,5;21529,5;650
25,28;21147,9;21525,4;650
25,29;21150,7;21519;650
25,3;21179,9;21484,4;650
25,31;21186,7;21450,3;650
25,32;21195,6;21473,6;650
25,33;21199,1;21485;650
25,34;21237,9;21457,3;650
25,35;21233,3;21421,6;650
25,36;21213,8;21419,8;650
25,37;21292,1;21405,3;650
25,38;21269,4;21377;650
25,39;21228,7;21385,7;650
25,4;21355;21386;650
25,41;21270,9;21366,7;650
25,42;21343,2;21364,2;650
25,43;21354,5;21336;650
25,44;21272,4;21269;650
25,45;21416,3;21335,9;650
25,46;21397,8;21352;650
25,47;21339,5;21243,8;650
25,48;21420,3;21274,6;650
25,49;21414,2;21301,3;650
25,5;21389,7;21184,9;650
25,51;21447,3;21254,9;650
25,52;21434,1;21242,5;650
25,53;21469,6;21182,2;650
25,54;21478,2;21205;650
25,55;21475,7;21225;650
25,56;21508;21189,3;650
25,57;21508,7;21144;650
25,58;21521,8;21146,3;650
25,59;21509,6;21130,1;650
25,6;21527,7;21124;650
25,61;21549,8;21120,5;650
25,62;21550,1;21104,2;650
25,63;21574,9;21101,2;650
25,64;21577,9;21087,7;650
25,65;21590;21078,9;650
25,66;21604,3;21058;650
25,67;21601,6;21048,8;650
25,68;21621,7;21043,1;650
25,69;21621,6;21025,2;650
25,7;21623,5;21010,9;650
25,71;21633,1;20993,9;650
25,72;21648,9;20992;650
25,73;21652,9;20989,1;650
25,74;21672;20985;650
25,75;21669;20965,6;650
25,76;21689,7;20950,7;650
25,77;21689,9;20948,6;650
25,78;21705;20943,1;650
25,79;21698,2;20924,2;650
25,8;21702,6;20911,5;650
25,81;21711,2;20912,2;650
25,82;21717,7;20905,8;650
25,83;21719,5;20891,3;650
25,84;21713,3;20883,9;650
25,85;21740,7;20887,4;650
25,86;21738;20861,1;650
25,87;21736,2;20858,4;650
25,88;21751,8;20859,2;650
25,89;21760,6;20844;650
25,9;21745,6;20839,5;650
25,91;21752,6;20831,5;650
25,92;21766,7;20824,1;650
25,93;21771,5;20819,6;650
25,94;21764,7;20809,5;650
25,95;21761,4;20814,6;650
25,96;21772,8;20805,1;650
25,97;21792,8;20811,2;650
25,98;21785,1;20799,1;650
25,99;21784,2;20791,5;650
26;21775;20777;650
26,01;21780;20781,1;650
26,02;21788,5;20779,7;650
26,03;21797,8;20768,9;650
26,04;21808,3;20769,9;650
26,05;21800,6;20768,6;650
26,06;21798,5;20763,9;650
26,07;21790,4;20758,8;650
26,08;21800;20759,1;650
26,09;21794,4;20760,2;650
26,1;21797,5;20753,3;650
26,11;21811,4;20763,2;650
26,12;21814,6;20755,1;650
26,13;21807,1;20753,2;650
26,14;21809,2;20749,4;650
26,15;21807,4;20757,6;650
26,16;21803,3;20745,4;650
26,17;21809,3;20750,7;650
26,18;21818,7;20750,6;650
26,19;21807,8;20744,3;650
26,2;21804,6;20747,1;650
26,21;21810,4;20743,6;650
26,22;21803,5;20753,1;650
26,23;21809,2;20757;650
26,24;21820,7;20771,5;650
26,25;21807,4;20768,4;650
26,26;21801,4;20763;650
26,27;21803,1;20772;650
26,28;21787,5;20773,9;650
26,29;21800,8;20775;650
26,3;21806,3;20772,9;650
26,31;21797,4;20791,6;650
26,32;21784,7;20786,1;650
26,33;21795;20788;650
26,34;21799,6;20796,7;650
26,35;21782,7;20802,5;650
26,36;21775,4;20802,6;650
26,37;21787,5;20810,7;650
26,38;21772;20812,4;650
26,39;21762,2;20815,2;650
26,4;21780,8;20832,6;650
26,41;21769,8;20831,5;650
26,42;21757,7;20841,4;650
26,43;21756,5;20853;650
26,44;21750,7;20858;650
26,45;21742,8;20861,8;650
26,46;21741,4;20877,6;650
26,47;21731,6;20887,6;650
26,48;21719,6;20883,8;650
26,49;21730,8;20897,7;650
26,5;21709,1;20900,4;650
26,51;21718,5;20919;650
26,52;21710,6;20933,8;650
26,53;21698;20933,3;650
26,54;21699,3;20935,8;650
26,55;21677,9;20948,3;650
26,56;21679,8;20957,8;650
26,57;21650,1;20958;650
26,58;21666,1;20981,9;650
26,59;21645,4;20987,5;650
26,6;21650,1;21004,7;650
26,61;21625,7;20996,6;650
26,62;21630,7;21023,8;650
26,63;21617,4;21033,9;650
26,64;21605,9;21049;650
26,65;21591;21055;650
26,66;21585;21057,6;650
26,67;21589,5;21085,1;650
26,68;21560,2;21088,6;650
26,69;21566,2;21106,5;650
26,7;21528,6;21099;650
26,71;21552,9;21127,3;650
26,72;21514,1;21121,2;650
26,73;21513,5;21144,8;650
26,74;21513;21148;650
26,75;21480,2;21176,8;650
26,76;21485,5;21180,5;650
26,77;21456,8;21196,6;650
26,78;21455,4;21199,1;650
26,79;21455,9;21215,5;650
26,8;21428,5;21225;650
26,81;21427,9;21240,1;650
26,82;21415,6;21269,7;650
26,83;21388,6;21254,8;650
26,84;21395,8;21288,1;650
26,85;21385,4;21314,4;650
26,86;21356,2;21292;650
26,87;21361,2;21329,9;650
26,88;21331,1;21316,4;650
26,89;21323,1;21325,9;650
26,9;21320,6;21371;650
26,91;21299,3;21369,6;650
26,92;21280,6;21360,9;650
26,93;21276,8;21394;650
26,94;21264,7;21405,8;650
26,95;21247,2;21408,1;650
26,96;21230,6;21412,8;650
26,97;21225;21476,5;650
26,98;21252;21435,5;650
26,99;21198,5;21454,4;650
27;21169;21509,1;650
27,01;21204,2;21460,2;650
27,02;21162,1;21523,3;650
27,03;21185,1;21523,1;650
27,04;21166,6;21494;650
27,05;21128,4;21541,9;650
27,06;21108,9;21545,5;650
27,07;21124,3;21541,8;650
27,08;21110,9;21546,9;650
27,09;21091,8;21571,4;650
27,1;21069,4;21589,4;650
27,11;21066,8;21595,6;650
27,12;21059,3;21585,5;650
27,13;21042,5;21618,3;650
27,14;21043,4;21625,5;650
27,15;21029,7;21620,9;650
27,16;21019,3;21612,6;650
27,17;21007,5;21654;650
27,18;21010,4;21649,8;650
27,19;20985,8;21616,5;650
27,2;20979,5;21713,1;650
27,21;20977,2;21594,6;650
27,22;20957,2;21675,4;650
27,23;20950,1;21756,4;650
27,24;20956,4;21620,1;650
27,25;20932,8;21632,4;650
27,26;20913,3;21786;650
27,27;20916,9;21747,3;650
27,28;20919,8;21592,4;650
27,29;20904,3;21683,1;650
27,3;20890,3;21802,7;650
27,31;20892,3;21655,3;650
27,32;20884,1;21705,5;650
27,33;20869,6;21802,8;650
27,34;20873,5;21625,5;650
27,35;20863;21758,5;650
27,36;20856,4;21783,8;650
27,37;20853,1;21668,8;650
27,38;20844,8;21729,3;650
27,39;20838,9;21776,6;650
27,4;20823,6;21731,2;650
27,41;20841,2;21720,9;650
27,42;20815,7;21764,7;650
27,43;20821,7;21774,2;650
27,44;20812,6;21686,3;650
27,45;20814,4;21781,9;650
27,46;20795,3;21775,8;650
27,47;20802,2;21727,6;650
27,48;20800,6;21765,4;650
27,49;20794,2;21792,1;650
27,5;20797,7;21743,7;650
27,51;20786,5;21751,3;650
27,52;20790,5;21796;650
27,53;20787,2;21756,4;650
27,54;20782,4;21733,7;650
27,55;20779,2;21829;650
27,56;20774,9;21752,3;650
27,57;20789,3;21790;650
27,58;20779,7;21762,8;650
27,59;20771,7;21798,2;650
27,6;20768,3;21792,2;650
27,61;20784,7;21781,3;650
27,62;20779,9;21725,2;650
27,63;20777,4;21855,7;650
27,64;20768,1;21813,1;650
27,65;20787,3;21703,9;650
27,66;20773,6;21858,7;650
27,67;20782,1;21793,4;650
27,68;20785,2;21763;650
27,69;20784,4;21810,9;650
27,7;20782,8;21765,5;650
27,71;20787,9;21839,6;650
27,72;20789,5;21738,9;650
27,73;20793,4;21806,8;650
27,74;20798,4;21820,9;650
27,75;20801,9;21796,1;650
27,76;20805,8;21763,4;650
27,77;20811;21788;650
27,78;20805,6;21790;650
27,79;20817,2;21749;650
27,8;20818,5;21793,8;650
27,81;20829,8;21763,6;650
27,82;20830,6;21786,2;650
27,83;20834,2;21739,7;650
27,84;20847,3;21767,8;650
27,85;20837,7;21779,3;650
27,86;20860,7;21756,1;650
27,87;20856,1;21733,9;650
27,88;20864,3;21758;650
27,89;20873;21755,1;650
27,9;20882,7;21730;650
27,91;20881,3;21735,2;650
27,92;20899,9;21699,8;650
27,93;20902,4;21737,5;650
27,94;20909,2;21725,7;650
27,95;20913,3;21711,9;650
27,96;20923,9;21688,3;650
27,97;20929,3;21706;650
27,98;20942,8;21673,1;650
27,99;20946,4;21676,9;650
28;20966,5;21677,3;650
28,01;20968,6;21650,4;650
28,02;20974,4;21654,7;650
28,03;20989,8;21660,5;650
28,04;20996,3;21636,7;650
28,05;21002;21632,8;650
28,06;21020,3;21608,1;650
28,07;21015,3;21634;650
28,08;21037,8;21594,3;650
28,09;21040,3;21580,9;650
28,1;21061,1;21601,3;650
28,11;21060,7;21565,4;650
28,12;21074,3;21549,9;650
28,13;21092,5;21573,2;650
28,14;21098,5;21545,6;650
28,15;21111,1;21515,1;650
28,16;21121,9;21527,9;650
28,17;21131,7;21550,7;650
28,18;21147,8;21496,5;650
28,19;21158,7;21467,2;650
28,2;21171,9;21507,6;650
28,21;21184,8;21472,1;650
28,22;21196,4;21452,1;650
28,23;21195,2;21500,4;650
28,24;21223,7;21428,4;650
28,25;21246,8;21394,7;650
28,26;21216,3;21437,4;650
28,27;21274;21418,9;650
28,28;21267,2;21363,8;650
28,29;21248,8;21413,9;650
28,3;21322,6;21386,6;650
28,31;21308,2;21346,7;650
28,32;21286,4;21370,3;650
28,33;21370,6;21320,3;650
28,34;21308;21299,1;650
28,35;21302,9;21302,1;650
28,36;21457,3;21381,4;650
28,37;21357,7;21287,1;650
28,38;21338,7;21219,7;650
28,39;21441,8;21308,8;650
28,4;21392,1;21245,8;650
28,41;21435,2;21242,4;650
28,42;21449,7;21242;650
28,43;21425,1;21222,1;650
28,44;21470,6;21223,4;650
28,45;21471,5;21204,6;650
28,46;21488;21198;650
28,47;21505,9;21182,4;650
28,48;21506,9;21178,5;650
28,49;21507,7;21137,5;650
28,5;21517,1;21144,5;650
28,51;21529,8;21136,2;650
28,52;21543,6;21126,6;650
28,53;21553,8;21121,1;650
28,54;21562,7;21100,3;650
28,55;21565,1;21094,1;650
28,56;21582,6;21082,5;650
28,57;21595,1;21075,8;650
28,58;21604,8;21063,8;650
28,59;21600;21044,8;650
28,6;21596,2;21043,4;650
28,61;21620,7;21029,6;650
28,62;21619,1;21026,7;650
28,63;21623;21010;650
28,64;21639,1;21012;650
28,65;21644,6;20993,3;650
28,66;21661,3;20988,2;650
28,67;21662,7;20983,6;650
28,68;21661,6;20965,1;650
28,69;21666,3;20958,9;650
28,7;21664,7;20951,8;650
28,71;21663,4;20936,8;650
28,72;21692,7;20946,1;650
28,73;21674,5;20928,1;650
28,74;21675;20923,1;650
28,75;21698,3;20918,4;650
28,76;21696,5;20907,7;650
28,77;21691,5;20899,4;650
28,78;21703,9;20901,8;650
28,79;21704,2;20885,3;650
28,8;21694,7;20885,1;650
28,81;21696,8;20872,7;650
28,82;21702,7;20871,2;650
28,83;21705,6;20869,7;650
28,84;21703,9;20862,2;650
28,85;21726;20851,5;650
28,86;21722,5;20851;650
28,87;21715,9;20849,2;650
28,88;21710,7;20839;650
28,89;21710,5;20834,5;650
28,9;21721,5;20830,5;650
28,91;21726,9;20838,8;650
28,92;21728,6;20825,8;650
28,93;21737,4;20826,1;650
28,94;21720,4;20828,5;650
28,95;21735,2;20820,9;650
28,96;21735,4;20819,6;650
28,97;21726,8;20809,7;650
28,98;21725,4;20806;650
28,99;21744;20813,6;650
29;21746,3;20813,3;650
29,01;21746,3;20805,8;650
29,02;21748;20815,4;650
29,03;21738,4;20809,2;650
29,04;21739,3;20805,3;650
29,05;21752,3;20804,3;650
29,06;21766,8;20809,3;650
29,07;21767,6;20806,6;650
29,08;21748,1;20800,3;650
29,09;21759,1;20812,6;650
29,1;21752,4;20796,8;650
29,11;21755,7;20814,6;650
29,12;21753,7;20812,6;650
29,13;21776,9;20814,9;650
29,14;21774,1;20814,7;650
29,15;21758,7;20813,4;650
29,16;21754,4;20808,6;650
29,17;21771,1;20830,9;650
29,18;21772,1;20821,9;650
29,19;21765,9;20821,9;650
29,2;21758,6;20836,6;650
29,21;21776,5;20834,8;650
29,22;21764,4;20829,3;650
29,23;21756,7;20844;650
29,24;21756,8;20855,7;650
29,25;21752,2;20844,8;650
29,26;21755,5;20862,8;650
29,27;21748,7;20862,5;650
29,28;21758,3;20860,2;650
29,29;21744,7;20876,9;650
29,3;21742,2;20876,5;650
29,31;21738,1;20878,5;650
29,32;21731,4;20885,9;650
29,33;21727,3;20893,2;650
29,34;21728,2;20902,5;650
29,35;21709,6;20894,4;650
29,36;21731,4;20921,8;650
29,37;21707,7;20906,6;650
29,38;21709,7;20925,5;650
29,39;21694,6;20927,4;650
29,4;21699,6;20941,3;650
29,41;21666,5;20938,2;650
29,42;21698,5;20968,2;650
29,43;21646,1;20943,6;650
29,44;21677;20976,4;650
29,45;21641,3;20975;650
29,46;21653,6;20998,2;650
29,47;21632,1;20983;650
29,48;21648,3;21012,6;650
29,49;21614;21008,7;650
29,5;21613,1;21021,7;650
29,51;21605,8;21033,1;650
29,52;21588,6;21027,8;650
29,53;21597,8;21054,2;650
29,54;21571,7;21048,6;650
29,55;21582,4;21085,7;650
29,56;21542,8;21067,4;650
29,57;21560,4;21104,8;650
29,58;21529,3;21099,3;650
29,59;21536,7;21110,8;650
29,6;21524,9;21119,6;650
29,61;21500,5;21127,3;650
29,62;21515,6;21156,1;650
29,63;21478,3;21142,1;650
29,64;21497,1;21178,4;650
29,65;21456,1;21169;650
29,66;21463,1;21193,2;650
29,67;21434,8;21188,2;650
29,68;21445,1;21219,9;650
29,69;21433,2;21223,2;650
29,7;21413,3;21229,8;650
29,71;21401,2;21249;650
29,72;21385,2;21257,8;650
29,73;21398,5;21291,1;650
29,74;21383,6;21285,3;650
29,75;21373,7;21298;650
29,76;21342,2;21305;650
29,77;21324,5;21300,7;650
29,78;21334,6;21331,5;650
29,79;21316,3;21345,9;650
29,8;21305;21335,6;650
29,81;21298,3;21366,2;650
29,82;21284;21366,5;650
29,83;21242,3;21410,3;650
29,84;21311,4;21405,3;650
29,85;21251,9;21416,7;650
29,86;21228,4;21415,4;650
29,87;21244,4;21445,6;650
29,88;21243,1;21454,9;650
29,89;21206,1;21469,6;650
29,9;21192,1;21485,1;650
29,91;21211,9;21486,7;650
29,92;21172,7;21472,7;650
29,93;21150,4;21517,5;650
29,94;21172,2;21492;650
29,95;21158,4;21525,7;650
29,96;21125,3;21558,7;650
29,97;21118,5;21548;650
29,98;21132,3;21542,4;650
29,99;21119,2;21557,4;650
